GUID,ISIN,TRA_TYPE,EXECUTION_PRICE,ORDER_TIMESTAMP,EXECUTION_TIMESTAMP,STOCK_EXCHANGE,INSTR_CCY,SET_CURRENCY,TRADE_CCY,INSTR_CLASS,INSTR_SUB_CLASS,INSTR_DESC,Source,Symbol
2098E49B,FR0010533075,SELL,15.6636,2022-10-07 10:37:40.000,2022-10-07 12:23:18.000,XPAR,EUR,,EUR,EQTY,ORD,Getlink,787,E:GET
E77724C5,FR0010533075,SELL,15.7326,2022-10-07 08:07:08.000,2022-10-07 12:23:18.000,XPAR,EUR,,EUR,EQTY,ORD,Getlink,787,E:GET
1C86F01A,FR0010533075,SELL,15.6452,2022-10-06 15:34:36.000,2022-10-06 16:35:29.000,XPAR,EUR,,EUR,EQTY,ORD,Getlink,787,E:GET
ADE65F51,FR0010533075,SELL,15.7479,2022-10-06 11:08:24.000,2022-10-06 16:35:29.000,XPAR,EUR,,EUR,EQTY,ORD,Getlink,787,E:GET
88D40B3B,FR0000121485,SELL,460.2109,2022-10-06 10:47:44.000,2022-10-06 16:36:24.000,XPAR,EUR,,EUR,SWAP,CFD_OLD,Kering -CFD,787,E:KER
67EA7B83,ANN4327C1220,SELL,174.9,2022-09-09 15:10:06.000,2022-09-09 15:18:35.000,XAMS,EUR,,EUR,SWAP,CFD_OLD,Hunter Douglas -CFD,787,E:HDG
474FBE79,ANN4327C1220,BUY,174.9667,2022-09-05 08:57:17.000,2022-09-05 16:35:22.000,XAMS,EUR,,EUR,SWAP,CFD_OLD,Hunter Douglas -CFD,787,E:HDG
7FA92A8E,FR0000120107,BUY,56.9,2022-09-05 08:56:36.000,2022-09-06 14:52:31.000,XPAR,EUR,,EUR,EQTY,ORD,Savencia,787,E:SAVE
3DDEEF53,FR0000121485,SELL,492.0774,2022-09-05 08:56:36.000,2022-09-05 16:35:17.000,XPAR,EUR,,EUR,SWAP,CFD_OLD,Kering -CFD,787,E:KER
5B7E8D5C,FR0011981968,SELL,42.3325,2022-09-05 08:56:36.000,2022-09-05 16:35:01.000,XPAR,EUR,,EUR,SWAP,CFD_OLD,Worldline SA/France -CFD,787,E:WLN
82F146B4,FR0010533075,BUY,18.3065,2022-09-05 08:56:36.000,2022-09-05 16:35:27.000,XPAR,EUR,,EUR,EQTY,ORD,Getlink,787,E:GET
9954F1A2,FR0000121014,SELL,634.0314,2022-09-05 08:56:36.000,2022-09-05 16:35:07.000,XPAR,EUR,,EUR,SWAP,CFD_OLD,LVMH Moet Hennessy Louis Vuitton -CFD,787,E:MC
9DA220DB,US1275372076,BUY,4.1433,2022-08-23 14:43:20.000,2022-08-23 20:50:20.000,XNMS,USD,,USD,EQTY,ORD,Cadiz,564,CDZI
3D4728FD,US1275372076,BUY,4.1179,2022-08-22 14:22:39.000,2022-08-22 20:59:38.000,XNMS,USD,,USD,EQTY,ORD,Cadiz,564,CDZI
9D117754,US1275372076,BUY,4.1208,2022-08-19 14:31:41.000,2022-08-19 20:59:51.000,XNMS,USD,,USD,EQTY,ORD,Cadiz,564,CDZI
7A8D2620,US1275372076,BUY,4.4336,2022-08-18 17:14:24.000,2022-08-18 20:59:52.000,XNMS,USD,,USD,EQTY,ORD,Cadiz,564,CDZI
3C35ED3C,US1275372076,BUY,4.8558,2022-08-17 14:33:20.000,2022-08-17 20:59:59.000,XNMS,USD,,USD,EQTY,ORD,Cadiz,564,CDZI
53CF0562,US1275372076,BUY,4.4572,2022-08-16 12:48:03.000,2022-08-16 20:59:50.000,XNMS,USD,,USD,EQTY,ORD,Cadiz,564,CDZI
B6348470,US88160R1014,SELL,878.0307,2022-08-05 17:01:53.000,2022-08-05 17:09:52.000,XNGS,USD,,USD,SWAP,CFD_OLD,Tesla -CFD,564,TSLA
F5C14277,US64110L1061,SELL,226.6806,2022-08-05 15:02:15.000,2022-08-05 21:01:18.000,XNGS,USD,,USD,SWAP,CFD_OLD,Netflix -CFD,564,NFLX
C0089B2C,FR0011981968,SELL,42.9094,2022-08-03 12:45:52.000,2022-08-03 16:35:30.000,XPAR,EUR,,EUR,SWAP,CFD_OLD,Worldline SA/France -CFD,787,E:WLN
FFC63B75,FR0011981968,SELL,43.0124,2022-08-03 10:41:05.000,2022-08-03 16:35:30.000,XPAR,EUR,,EUR,SWAP,CFD_OLD,Worldline SA/France -CFD,787,E:WLN
E3B2B808,FR0000121014,SELL,674.8499,2022-08-02 09:31:08.000,2022-08-02 09:31:26.000,XPAR,EUR,,EUR,SWAP,CFD_OLD,LVMH Moet Hennessy Louis Vuitton -CFD,787,E:MC
F042FD3A,US64110L1061,BUY,227.5612,2022-07-29 15:23:38.000,2022-07-29 16:26:56.000,XNGS,USD,,USD,SWAP,CFD_OLD,Netflix -CFD,564,NFLX
15F812B0,US4523271090,BUY,203.4278,2022-07-27 17:22:13.000,2022-07-27 19:07:12.000,XNGS,USD,,USD,SWAP,CFD_OLD,Illumina -CFD,564,ILMN
1A895123,US88160R1014,BUY,813.4333,2022-07-27 17:20:18.000,2022-07-27 17:50:28.000,XNGS,USD,,USD,SWAP,CFD_OLD,Tesla -CFD,564,TSLA
7A58D4AA,US1275372076,BUY,3.4167,2022-07-27 11:41:02.000,2022-07-27 16:35:09.000,XNMS,USD,,USD,EQTY,ORD,Cadiz,564,CDZI
AD816F26,US1275372076,BUY,3.177,2022-07-25 13:29:13.000,2022-07-25 16:23:49.000,XNMS,USD,,USD,EQTY,ORD,Cadiz,564,CDZI
1C832274,FR0000120107,SELL,58.5094,2022-07-25 11:32:22.000,2022-07-25 16:35:00.000,XPAR,EUR,,EUR,EQTY,ORD,Savencia,787,E:SAVE
31F6256B,US64110L1061,BUY,221.6732,2022-07-22 14:17:32.000,2022-07-22 21:00:04.000,XNGS,USD,,USD,SWAP,CFD_OLD,Netflix -CFD,564,NFLX
716BC9D5,US47215P1066,BUY,62.3523,2022-07-22 14:17:32.000,2022-07-22 21:00:04.000,XNGS,USD,,USD,SWAP,CFD_OLD,JD.com -ADR -CFD,564,JD
7F062C30,US88160R1014,BUY,826.6781,2022-07-22 14:17:32.000,2022-07-22 21:00:04.000,XNGS,USD,,USD,SWAP,CFD_OLD,Tesla -CFD,564,TSLA
3FB1657C,US4523271090,BUY,203.0975,2022-07-22 14:17:32.000,2022-07-22 21:00:04.000,XNGS,USD,,USD,SWAP,CFD_OLD,Illumina -CFD,564,ILMN
AAAEB958,US2253101016,BUY,549.4297,2022-07-22 14:17:32.000,2022-07-22 21:00:04.000,XNGS,USD,,USD,SWAP,CFD_OLD,Credit Acceptance -CFD,564,CACC
19532743,US1275372076,BUY,3.05,2022-07-22 14:15:00.000,2022-07-22 20:59:57.000,XNMS,USD,,USD,EQTY,ORD,Cadiz,564,CDZI
EDD1093B,FR0000121485,BUY,531.3438,2022-07-22 09:05:33.000,2022-07-22 16:35:10.000,XPAR,EUR,,EUR,SWAP,CFD_OLD,Kering -CFD,787,E:KER
180FC319,FR0010533075,SELL,19.0471,2022-07-22 09:05:33.000,2022-07-22 16:35:15.000,XPAR,EUR,,EUR,EQTY,ORD,Getlink,787,E:GET
A0B09BE8,FR0000121014,BUY,637.0723,2022-07-22 09:05:33.000,2022-07-22 16:35:16.000,XPAR,EUR,,EUR,SWAP,CFD_OLD,LVMH Moet Hennessy Louis Vuitton -CFD,787,E:MC
F2FE34B3,ANN4327C1220,SELL,174.8,2022-07-22 09:05:33.000,2022-07-22 16:35:23.000,XAMS,EUR,,EUR,SWAP,CFD_OLD,Hunter Douglas -CFD,787,E:HDG
3375D5B3,FR0010908533,BUY,47.5347,2022-07-22 09:05:33.000,2022-07-22 16:35:26.000,XPAR,EUR,,EUR,SWAP,CFD_OLD,Edenred -CFD,787,E:EDEN
06C759D0,FR0011981968,BUY,36.9813,2022-07-22 09:05:33.000,2022-07-22 16:35:02.000,XPAR,EUR,,EUR,SWAP,CFD_OLD,Worldline SA/France -CFD,787,E:WLN
548A9A0C,FR0000120107,SELL,59.0294,2022-07-21 09:14:05.000,2022-07-21 16:35:12.000,XPAR,EUR,,EUR,EQTY,ORD,Savencia,787,E:SAVE
996E72EC,FR0000120107,SELL,58.4663,2022-07-21 09:14:05.000,2022-07-22 15:46:56.000,XPAR,EUR,,EUR,EQTY,ORD,Savencia,787,E:SAVE
F1B1C249,FR0000121485,BUY,528.8395,2022-07-21 09:14:05.000,2022-07-21 16:35:17.000,XPAR,EUR,,EUR,SWAP,CFD_OLD,Kering -CFD,787,E:KER
E21C67E8,FR0000121014,BUY,632.4152,2022-07-21 09:14:05.000,2022-07-21 16:35:12.000,XPAR,EUR,,EUR,SWAP,CFD_OLD,LVMH Moet Hennessy Louis Vuitton -CFD,787,E:MC
351E568A,FR0011981968,BUY,37.2948,2022-07-21 09:14:05.000,2022-07-21 16:35:23.000,XPAR,EUR,,EUR,SWAP,CFD_OLD,Worldline SA/France -CFD,787,E:WLN
456320F9,FR0010533075,SELL,19.1124,2022-07-21 09:14:05.000,2022-07-21 16:35:30.000,XPAR,EUR,,EUR,EQTY,ORD,Getlink,787,E:GET
E0D53C76,FR0010908533,BUY,47.1362,2022-07-21 09:14:05.000,2022-07-21 16:35:07.000,XPAR,EUR,,EUR,SWAP,CFD_OLD,Edenred -CFD,787,E:EDEN
634863B3,ANN4327C1220,SELL,174.8,2022-07-21 09:14:05.000,2022-07-21 16:35:05.000,XAMS,EUR,,EUR,SWAP,CFD_OLD,Hunter Douglas -CFD,787,E:HDG
4C1E4338,US1275372076,BUY,2.8909,2022-07-20 13:21:09.000,2022-07-20 21:00:00.000,XNMS,USD,,USD,EQTY,ORD,Cadiz,564,CDZI
1A62FECF,US1275372076,BUY,2.8834,2022-07-19 14:34:32.000,2022-07-19 20:59:58.000,XNMS,USD,,USD,EQTY,ORD,Cadiz,564,CDZI
EFA41566,US4523271090,BUY,191.1477,2022-07-19 14:20:24.000,2022-07-19 21:00:25.000,XNGS,USD,,USD,SWAP,CFD_OLD,Illumina -CFD,564,ILMN
CF3D4F18,US1275372076,BUY,2.6296,2022-07-18 12:45:22.000,2022-07-18 20:57:02.000,XNMS,USD,,USD,EQTY,ORD,Cadiz,564,CDZI
F5B33AC5,US1275372076,BUY,2.5016,2022-07-15 15:06:56.000,2022-07-15 20:59:42.000,XNMS,USD,,USD,EQTY,ORD,Cadiz,564,CDZI
0C5E9535,FR0000121014,SELL,599.7048,2022-07-15 08:44:40.000,2022-07-15 16:35:24.000,XPAR,EUR,,EUR,SWAP,CFD_OLD,LVMH Moet Hennessy Louis Vuitton -CFD,787,E:MC
190EB476,FR0010533075,BUY,19.1325,2022-07-15 08:42:31.000,2022-07-15 08:42:42.000,XPAR,EUR,,EUR,EQTY,ORD,Getlink,787,E:GET
D0375DD7,US64110L1061,SELL,174.1074,2022-07-14 17:25:11.000,2022-07-14 20:59:15.000,XNGS,USD,,USD,SWAP,CFD_OLD,Netflix -CFD,564,NFLX
46BED82D,US4523271090,SELL,176.9298,2022-07-14 17:25:11.000,2022-07-14 20:59:55.000,XNGS,USD,,USD,SWAP,CFD_OLD,Illumina -CFD,564,ILMN
6910E1A6,US2253101016,SELL,500.87,2022-07-14 15:26:16.000,2022-07-14 19:45:50.000,XNGS,USD,,USD,SWAP,CFD_OLD,Credit Acceptance -CFD,564,CACC
EFAA6921,FR0000121014,SELL,602.2797,2022-07-12 09:30:16.000,2022-07-12 10:44:21.000,XPAR,EUR,,EUR,SWAP,CFD_OLD,LVMH Moet Hennessy Louis Vuitton -CFD,787,E:MC
3704950C,US47215P1066,SELL,58.9734,2022-07-11 16:17:27.000,2022-07-11 18:25:43.000,XNGS,USD,,USD,SWAP,CFD_OLD,JD.com -ADR -CFD,564,JD
28904461,US88160R1014,SELL,711.9413,2022-07-11 16:15:35.000,2022-07-11 16:22:17.000,XNGS,USD,,USD,SWAP,CFD_OLD,Tesla -CFD,564,TSLA
D3AC0841,FR0011981968,BUY,35.03,2022-07-06 15:20:49.000,2022-07-06 15:20:49.000,XPAR,EUR,,EUR,SWAP,CFD_OLD,Worldline SA/France -CFD,787,E:WLN
C1A2068C,FR0011981968,BUY,35.2384,2022-07-06 15:20:07.000,2022-07-06 15:20:49.000,XPAR,EUR,,EUR,SWAP,CFD_OLD,Worldline SA/France -CFD,787,E:WLN
08693DD9,US73278L1052,BUY,371.0012,2022-07-06 12:19:12.000,2022-07-06 16:11:25.000,XNGS,USD,,USD,SWAP,CFD_OLD,Pool -CFD,564,POOL
69510AF7,US47215P1066,BUY,61.601,2022-07-06 12:14:35.000,2022-07-06 20:59:53.000,XNGS,USD,,USD,SWAP,CFD_OLD,JD.com -ADR -CFD,564,JD
2F599002,US88160R1014,BUY,690.5226,2022-07-06 12:14:35.000,2022-07-06 20:51:50.000,XNGS,USD,,USD,SWAP,CFD_OLD,Tesla -CFD,564,TSLA
8FA584A4,US64110L1061,BUY,183.4403,2022-07-06 12:14:35.000,2022-07-06 20:59:42.000,XNGS,USD,,USD,SWAP,CFD_OLD,Netflix -CFD,564,NFLX
3DCEC25B,US4523271090,BUY,195.5363,2022-07-06 12:14:35.000,2022-07-06 20:59:41.000,XNGS,USD,,USD,SWAP,CFD_OLD,Illumina -CFD,564,ILMN
F8DB4D5C,US2253101016,BUY,500.9128,2022-07-06 12:14:35.000,2022-07-06 20:59:55.000,XNGS,USD,,USD,SWAP,CFD_OLD,Credit Acceptance -CFD,564,CACC
47E3CC02,FR0011981968,BUY,34.9991,2022-07-06 11:40:36.000,2022-07-06 16:35:26.000,XPAR,EUR,,EUR,SWAP,CFD_OLD,Worldline SA/France -CFD,787,E:WLN
1FE2BF89,ANN4327C1220,SELL,175,2022-07-06 11:40:36.000,2022-07-06 16:35:23.000,XAMS,EUR,,EUR,SWAP,CFD_OLD,Hunter Douglas -CFD,787,E:HDG
88E8A0D6,FR0000120107,SELL,59.4789,2022-07-06 11:40:36.000,2022-07-06 16:35:03.000,XPAR,EUR,,EUR,EQTY,ORD,Savencia,787,E:SAVE
5164F14F,FR0000120107,SELL,59.2169,2022-07-06 11:40:36.000,2022-07-07 16:35:09.000,XPAR,EUR,,EUR,EQTY,ORD,Savencia,787,E:SAVE
64BFCE42,US1275372076,SELL,2.4712,2022-07-06 11:40:36.000,2022-07-06 21:00:04.000,XNMS,USD,,USD,EQTY,ORD,Cadiz,564,CDZI
2407B0EE,FR0010908533,BUY,44.531,2022-07-06 11:40:36.000,2022-07-06 16:35:07.000,XPAR,EUR,,EUR,SWAP,CFD_OLD,Edenred -CFD,787,E:EDEN
F89A3DDA,FR0000121485,BUY,489.4438,2022-07-06 11:40:36.000,2022-07-06 16:35:28.000,XPAR,EUR,,EUR,SWAP,CFD_OLD,Kering -CFD,787,E:KER
B2B64B29,FR0000121014,BUY,596.2132,2022-07-06 11:40:36.000,2022-07-06 16:35:02.000,XPAR,EUR,,EUR,SWAP,CFD_OLD,LVMH Moet Hennessy Louis Vuitton -CFD,787,E:MC
3E819F70,US4523271090,BUY,191.163,2022-07-05 12:26:12.000,2022-07-05 21:00:05.000,XNGS,USD,,USD,SWAP,CFD_OLD,Illumina -CFD,564,ILMN
6DBCDA35,US88160R1014,BUY,672.5405,2022-07-05 12:26:12.000,2022-07-05 21:00:04.000,XNGS,USD,,USD,SWAP,CFD_OLD,Tesla -CFD,564,TSLA
3E3BC9A7,US47215P1066,BUY,63.9068,2022-07-05 12:26:12.000,2022-07-05 21:00:04.000,XNGS,USD,,USD,SWAP,CFD_OLD,JD.com -ADR -CFD,564,JD
488D3D23,US64110L1061,BUY,181.1338,2022-07-05 12:26:12.000,2022-07-05 21:00:05.000,XNGS,USD,,USD,SWAP,CFD_OLD,Netflix -CFD,564,NFLX
118D9244,US2253101016,BUY,500.2728,2022-07-05 12:26:12.000,2022-07-05 21:00:04.000,XNGS,USD,,USD,SWAP,CFD_OLD,Credit Acceptance -CFD,564,CACC
7E1E42F9,US73278L1052,BUY,354.4432,2022-07-05 12:26:12.000,2022-07-05 21:00:05.000,XNGS,USD,,USD,SWAP,CFD_OLD,Pool -CFD,564,POOL
38695AA3,FR0011981968,BUY,35.8653,2022-07-04 09:10:33.000,2022-07-04 16:35:10.000,XPAR,EUR,,EUR,SWAP,CFD_OLD,Worldline SA/France -CFD,787,E:WLN
738310D1,US1275372076,SELL,2.4867,2022-07-04 09:10:33.000,2022-07-05 21:00:04.000,XNMS,USD,,USD,EQTY,ORD,Cadiz,564,CDZI
ACF1AE23,FR0010908533,BUY,45.4183,2022-07-04 09:10:33.000,2022-07-04 16:35:07.000,XPAR,EUR,,EUR,SWAP,CFD_OLD,Edenred -CFD,787,E:EDEN
EDCBFB9D,FR0000121485,BUY,491.9462,2022-07-04 09:10:33.000,2022-07-04 16:35:18.000,XPAR,EUR,,EUR,SWAP,CFD_OLD,Kering -CFD,787,E:KER
489EC935,FR0000121014,BUY,586.2767,2022-07-04 09:10:33.000,2022-07-04 16:35:16.000,XPAR,EUR,,EUR,SWAP,CFD_OLD,LVMH Moet Hennessy Louis Vuitton -CFD,787,E:MC
43E50CFF,FR0000120107,SELL,59.9112,2022-07-04 09:10:33.000,2022-07-05 16:35:27.000,XPAR,EUR,,EUR,EQTY,ORD,Savencia,787,E:SAVE
4E3CCFD5,FR0000120107,SELL,60.035,2022-07-04 09:10:33.000,2022-07-04 16:35:29.000,XPAR,EUR,,EUR,EQTY,ORD,Savencia,787,E:SAVE
E7408981,ANN4327C1220,SELL,174.95,2022-07-04 09:10:33.000,2022-07-04 16:35:04.000,XAMS,EUR,,EUR,SWAP,CFD_OLD,Hunter Douglas -CFD,787,E:HDG
45F0263D,FR0000121014,BUY,580.3684,2022-06-24 09:48:40.000,2022-06-24 13:17:05.000,XPAR,EUR,,EUR,SWAP,CFD_OLD,LVMH Moet Hennessy Louis Vuitton -CFD,787,E:MC
8B39AB49,FR0000121014,BUY,562.9731,2022-06-23 15:13:44.000,2022-06-23 15:50:54.000,XPAR,EUR,,EUR,SWAP,CFD_OLD,LVMH Moet Hennessy Louis Vuitton -CFD,787,E:MC
566E3F8B,FR0000121014,BUY,563.2353,2022-06-23 15:11:42.000,2022-06-23 15:50:54.000,XPAR,EUR,,EUR,SWAP,CFD_OLD,LVMH Moet Hennessy Louis Vuitton -CFD,787,E:MC
62108F97,US1275372076,BUY,2.0508,2022-06-14 14:15:49.000,2022-06-14 17:03:54.000,XNMS,USD,,USD,EQTY,ORD,Cadiz,564,CDZI
1EB68352,US1275372076,BUY,2.065,2022-06-13 13:15:47.000,2022-06-13 20:59:36.000,XNMS,USD,,USD,EQTY,ORD,Cadiz,564,CDZI
DAAD0D28,US64110L1061,SELL,184.4855,2022-06-10 16:58:13.000,2022-06-10 16:58:18.000,XNGS,USD,,USD,SWAP,CFD_OLD,Netflix -CFD,564,NFLX
9EE4F810,US1275372076,BUY,2.0794,2022-06-10 14:21:59.000,2022-06-10 20:59:54.000,XNMS,USD,,USD,EQTY,ORD,Cadiz,564,CDZI
4A5E0C5A,US64110L1061,SELL,182.7879,2022-06-10 14:02:02.000,2022-06-10 14:58:43.000,XNGS,USD,,USD,SWAP,CFD_OLD,Netflix -CFD,564,NFLX
D721A689,FR0011981968,SELL,37.6008,2022-06-10 10:39:23.000,2022-06-10 14:57:16.000,XPAR,EUR,,EUR,SWAP,CFD_OLD,Worldline SA/France -CFD,787,E:WLN
2EA72824,FR0000121485,SELL,513.5376,2022-06-10 10:35:44.000,2022-06-10 14:56:48.000,XPAR,EUR,,EUR,SWAP,CFD_OLD,Kering -CFD,787,E:KER
56848935,FR0000121014,SELL,579.4163,2022-06-10 10:34:58.000,2022-06-10 14:55:58.000,XPAR,EUR,,EUR,SWAP,CFD_OLD,LVMH Moet Hennessy Louis Vuitton -CFD,787,E:MC
E96F016F,FR0000121485,SELL,515.4,2022-06-10 10:33:19.000,2022-06-10 14:56:48.000,XPAR,EUR,,EUR,SWAP,CFD_OLD,Kering -CFD,787,E:KER
8C88232B,FR0011981968,SELL,38.0381,2022-06-10 10:02:09.000,2022-06-10 14:57:16.000,XPAR,EUR,,EUR,SWAP,CFD_OLD,Worldline SA/France -CFD,787,E:WLN
A8BB53B2,US1275372076,BUY,2.2469,2022-06-09 12:54:02.000,2022-06-09 19:30:15.000,XNMS,USD,,USD,EQTY,ORD,Cadiz,564,CDZI
D15A437D,US30303M1027,BUY,200.7311,2022-06-08 16:11:40.000,2022-06-08 16:19:17.000,XNGS,USD,,USD,SWAP,CFD_OLD,Meta Platforms -CFD,564,FB
AEDCFF0A,US1275372076,BUY,2.2371,2022-06-08 11:30:12.000,2022-06-08 20:59:52.000,XNMS,USD,,USD,EQTY,ORD,Cadiz,564,CDZI
23B13A5F,US64110L1061,BUY,184.6682,2022-05-25 16:23:08.000,2022-05-25 16:33:28.000,XNGS,USD,,USD,SWAP,CFD_OLD,Netflix -CFD,564,NFLX
D78D461F,US88160R1014,BUY,660.3404,2022-05-25 16:08:35.000,2022-05-25 16:12:13.000,XNGS,USD,,USD,SWAP,CFD_OLD,Tesla -CFD,564,TSLA
F7B2785A,US98980L1017,BUY,93.8681,2022-05-24 16:39:04.000,2022-05-24 16:43:53.000,XNGS,USD,,USD,SWAP,CFD_OLD,Zoom Video Communications -CFD,564,ZM
544757F5,US0537741052,BUY,181.8098,2022-05-23 14:05:45.000,2022-05-23 18:33:32.000,XNGS,USD,,USD,SWAP,CFD_OLD,Avis Budget -CFD,564,CAR
76278C6C,US73278L1052,BUY,411.7617,2022-05-13 15:31:35.000,2022-05-13 15:37:56.000,XNGS,USD,,USD,SWAP,CFD_OLD,Pool -CFD,564,POOL
552921CF,US0537741052,BUY,230.2682,2022-05-11 15:10:59.000,2022-05-11 15:13:59.000,XNGS,USD,,USD,SWAP,CFD_OLD,Avis Budget -CFD,564,CAR
64C91F10,US4523271090,BUY,218.7517,2022-05-11 14:54:56.000,2022-05-11 16:11:57.000,XNGS,USD,,USD,SWAP,CFD_OLD,Illumina -CFD,564,ILMN
57F4755D,ES0165386014,BUY,20.4088,2022-05-11 09:50:01.000,2022-05-11 16:35:03.000,XMAD,EUR,,EUR,SWAP,CFD_OLD,Solaria Energia y Medio Ambiente -CFD,216,E:SLR
8C378D94,ES0165386014,BUY,20.6925,2022-05-11 09:31:49.000,2022-05-11 16:35:03.000,XMAD,EUR,,EUR,SWAP,CFD_OLD,Solaria Energia y Medio Ambiente -CFD,216,E:SLR
82DBEDE9,US02079K3059,BUY,2301.2716,2022-05-10 11:51:31.000,2022-05-10 15:14:43.000,XNGS,USD,,USD,SWAP,CFD_OLD,Alphabet -CFD,564,GOOGL
B064CCA8,US98980L1017,BUY,92.8411,2022-05-10 11:45:53.000,2022-05-10 16:07:50.000,XNGS,USD,,USD,SWAP,CFD_OLD,Zoom Video Communications -CFD,564,ZM
ACA4F912,US47215P1066,BUY,52.9685,2022-05-10 11:43:57.000,2022-05-10 15:34:26.000,XNGS,USD,,USD,SWAP,CFD_OLD,JD.com -ADR -CFD,564,JD
BAF7F80C,FR0000121014,SELL,549.4443,2022-05-10 11:40:43.000,2022-05-10 11:41:37.000,XPAR,EUR,,EUR,SWAP,CFD_OLD,LVMH Moet Hennessy Louis Vuitton -CFD,787,E:MC
5C46A9D9,FR0000121014,BUY,553.4731,2022-05-10 10:16:38.000,2022-05-10 10:35:13.000,XPAR,EUR,,EUR,SWAP,CFD_OLD,LVMH Moet Hennessy Louis Vuitton -CFD,787,E:MC
58271690,US73278L1052,SELL,390.107,2022-05-06 15:06:49.000,2022-05-06 21:01:18.000,XNGS,USD,,USD,SWAP,CFD_OLD,Pool -CFD,564,POOL
6DA31C39,US98980L1017,SELL,100.6973,2022-05-05 15:52:48.000,2022-05-05 21:03:09.000,XNGS,USD,,USD,SWAP,CFD_OLD,Zoom Video Communications -CFD,564,ZM
42CD38F0,US64110L1061,SELL,189.3103,2022-05-05 15:46:58.000,2022-05-05 21:00:56.000,XNGS,USD,,USD,SWAP,CFD_OLD,Netflix -CFD,564,NFLX
6D079FA6,US0537741052,BUY,277.3851,2022-05-03 16:32:48.000,2022-05-03 18:08:02.000,XNGS,USD,,USD,SWAP,CFD_OLD,Avis Budget -CFD,564,CAR
F35DD27A,US88160R1014,BUY,915.8954,2022-05-03 16:21:19.000,2022-05-03 16:24:23.000,XNGS,USD,,USD,SWAP,CFD_OLD,Tesla -CFD,564,TSLA
07A27D6C,LU1598757687,BUY,27.7552,2022-05-03 10:58:30.000,2022-05-03 14:16:27.000,XAMS,EUR,,EUR,SWAP,CFD_OLD,ArcelorMittal -CFD,787,E:MT
CA0DB833,LU1598757687,SELL,27.2527,2022-04-25 14:55:17.000,2022-04-25 16:01:35.000,XAMS,EUR,,EUR,SWAP,CFD_OLD,ArcelorMittal -CFD,787,E:MT
30047BED,LU1598757687,SELL,30.0975,2022-04-22 09:42:29.000,2022-04-22 10:04:21.000,XAMS,EUR,,EUR,EQTY,ORD,ArcelorMittal,787,E:MT
5762C39F,US73278L1052,BUY,459.293,2022-04-21 15:04:35.000,2022-04-21 16:44:58.000,XNGS,USD,,USD,SWAP,CFD_OLD,Pool -CFD,564,POOL
736AA51A,FR0011981968,SELL,35.3297,2022-04-14 11:55:20.000,2022-04-14 16:35:25.000,XPAR,EUR,,EUR,SWAP,CFD_OLD,Worldline SA/France -CFD,787,E:WLN
9D9A167D,US38046C1099,BUY,22.4627,2022-04-12 11:56:09.000,2022-04-12 21:00:42.000,XNGS,USD,,USD,SWAP,CFD_OLD,Gogo -CFD,564,GOGO
5D38E4C7,US30303M1027,SELL,218.2058,2022-04-11 16:30:37.000,2022-04-11 21:00:30.000,XNGS,USD,,USD,SWAP,CFD_OLD,Meta Platforms -CFD,564,FB
7AEA0D91,US73278L1052,SELL,409.4872,2022-04-11 16:04:48.000,2022-04-11 16:35:06.000,XNGS,USD,,USD,SWAP,CFD_OLD,Pool -CFD,564,POOL
A1C62915,FR0000121014,SELL,623.9786,2022-04-11 10:46:25.000,2022-04-11 12:07:29.000,XPAR,EUR,,EUR,SWAP,CFD_OLD,LVMH Moet Hennessy Louis Vuitton -CFD,787,E:MC
C8621D92,US98980L1017,SELL,112.5188,2022-04-07 17:44:15.000,2022-04-07 18:32:09.000,XNGS,USD,,USD,SWAP,CFD_OLD,Zoom Video Communications -CFD,564,ZM
4050E762,US38046C1099,SELL,17.9367,2022-04-07 17:44:15.000,2022-04-07 19:05:25.000,XNGS,USD,,USD,SWAP,CFD_OLD,Gogo -CFD,564,GOGO
87B3C929,US47215P1066,SELL,56.9859,2022-04-07 17:13:26.000,2022-04-07 18:32:02.000,XNGS,USD,,USD,SWAP,CFD_OLD,JD.com -ADR -CFD,564,JD
9F7B8EEA,US73278L1052,SELL,415.1469,2022-04-06 14:48:42.000,2022-04-06 20:37:29.000,XNGS,USD,,USD,SWAP,CFD_OLD,Pool -CFD,564,POOL
320955C8,NL0012015705,SELL,34.0776,2022-04-06 14:44:02.000,2022-04-06 16:35:16.000,XAMS,EUR,,EUR,SWAP,CFD_OLD,Just Eat Takeaway.com -CFD,787,E:TKWY
EEA54771,US98980L1017,BUY,123.7653,2022-04-04 15:29:44.000,2022-04-04 21:01:55.000,XNGS,USD,,USD,SWAP,CFD_OLD,Zoom Video Communications -CFD,564,ZM
23051E64,NL0012015705,BUY,35.0239,2022-04-04 14:33:55.000,2022-04-04 15:39:35.000,XAMS,EUR,,EUR,SWAP,CFD_OLD,Just Eat Takeaway.com -CFD,787,E:TKWY
6229126D,NL0012015705,BUY,34.0546,2022-04-04 12:27:59.000,2022-04-04 15:39:35.000,XAMS,EUR,,EUR,SWAP,CFD_OLD,Just Eat Takeaway.com -CFD,787,E:TKWY
3AABBFBD,NL0012015705,BUY,33.665,2022-04-04 12:25:59.000,2022-04-04 15:39:35.000,XAMS,EUR,,EUR,SWAP,CFD_OLD,Just Eat Takeaway.com -CFD,787,E:TKWY
98582A9D,NL0000226223,BUY,38.6748,2022-04-04 12:08:01.000,2022-04-04 12:10:14.000,XPAR,EUR,,EUR,SWAP,CFD_OLD,STMicroelectronics -CFD,787,E:STM
26EFC3AD,US47215P1066,SELL,60.3477,2022-04-01 14:35:44.000,2022-04-01 20:45:46.000,XNGS,USD,,USD,SWAP,CFD_OLD,JD.com -ADR -CFD,564,JD
43B07C4A,NL0000226223,SELL,40.2439,2022-03-31 10:05:16.000,2022-03-31 11:29:48.000,XPAR,EUR,,EUR,SWAP,CFD_OLD,STMicroelectronics -CFD,787,E:STM
B598B6FE,US88160R1014,SELL,1094.4758,2022-03-29 16:18:30.000,2022-03-29 16:19:49.000,XNGS,USD,,USD,SWAP,CFD_OLD,Tesla -CFD,564,TSLA
B06368A0,US38046C1099,BUY,19.1026,2022-03-28 14:58:20.000,2022-03-28 21:00:29.000,XNGS,USD,,USD,SWAP,CFD_OLD,Gogo -CFD,564,GOGO
7708003F,US0537741052,SELL,257.1848,2022-03-28 11:44:13.000,2022-03-28 21:00:17.000,XNGS,USD,,USD,SWAP,CFD_OLD,Avis Budget -CFD,564,CAR
D6B78A5E,US38046C1099,BUY,19.1752,2022-03-25 13:24:18.000,2022-03-25 20:00:39.000,XNGS,USD,,USD,SWAP,CFD_OLD,Gogo -CFD,564,GOGO
9756FB54,US47215P1066,SELL,60.3136,2022-03-24 17:22:53.000,2022-03-24 17:22:53.000,XNGS,USD,,USD,SWAP,CFD_OLD,JD.com -ADR -CFD,564,JD
35409A8A,US38046C1099,BUY,18.9055,2022-03-24 14:21:28.000,2022-03-24 20:03:30.000,XNGS,USD,,USD,SWAP,CFD_OLD,Gogo -CFD,564,GOGO
E839E75A,NL0012015705,SELL,30.7888,2022-03-23 15:16:02.000,2022-03-23 16:15:38.000,XAMS,EUR,,EUR,SWAP,CFD_OLD,Just Eat Takeaway.com -CFD,787,E:TKWY
74105E7A,FR0000121014,SELL,632.0998,2022-03-21 16:22:17.000,2022-03-21 16:25:52.000,XPAR,EUR,,EUR,SWAP,CFD_OLD,LVMH Moet Hennessy Louis Vuitton -CFD,787,E:MC
4D079D9A,US0537741052,SELL,270.0812,2022-03-21 15:11:57.000,2022-03-21 18:58:45.000,XNGS,USD,,USD,SWAP,CFD_OLD,Avis Budget -CFD,564,CAR
CCCC3EC0,US98980L1017,SELL,115.2397,2022-03-21 14:42:09.000,2022-03-21 15:09:28.000,XNGS,USD,,USD,SWAP,CFD_OLD,Zoom Video Communications -CFD,564,ZM
4CA4654E,US98980L1017,BUY,115.6034,2022-03-18 15:01:01.000,2022-03-18 15:16:49.000,XNGS,USD,,USD,SWAP,CFD_OLD,Zoom Video Communications -CFD,564,ZM
87E9DDF6,US98980L1017,SELL,102.8747,2022-03-16 18:36:31.000,2022-03-16 19:04:44.000,XNGS,USD,,USD,SWAP,CFD_OLD,Zoom Video Communications -CFD,564,ZM
46411FC2,US38046C1099,SELL,17.1905,2022-03-16 18:20:30.000,2022-03-16 19:39:37.000,XNGS,USD,,USD,SWAP,CFD_OLD,Gogo -CFD,564,GOGO
C6B400EF,US64110L1061,SELL,345.1679,2022-03-16 18:20:30.000,2022-03-16 18:39:47.000,XNGS,USD,,USD,SWAP,CFD_OLD,Netflix -CFD,564,NFLX
24BFAAD3,FR0011981968,BUY,42.2468,2022-03-16 14:37:14.000,2022-03-16 15:16:15.000,XPAR,EUR,,EUR,SWAP,CFD_OLD,Worldline SA/France -CFD,787,E:WLN
D020CD00,FR0000121014,BUY,635.8152,2022-03-16 14:26:29.000,2022-03-16 14:32:23.000,XPAR,EUR,,EUR,SWAP,CFD_OLD,LVMH Moet Hennessy Louis Vuitton -CFD,787,E:MC
A6FBBEFB,FR0000121014,BUY,618.85,2022-03-16 09:32:01.000,2022-03-16 09:32:12.000,XPAR,EUR,,EUR,SWAP,CFD_OLD,LVMH Moet Hennessy Louis Vuitton -CFD,787,E:MC
80EB4D58,FR0011981968,SELL,40.3104,2022-03-15 09:33:10.000,2022-03-15 16:35:10.000,XPAR,EUR,,EUR,SWAP,CFD_OLD,Worldline SA/France -CFD,787,E:WLN
2BA895F2,FR0000121014,SELL,579.9892,2022-03-15 09:06:38.000,2022-03-15 16:35:06.000,XPAR,EUR,,EUR,SWAP,CFD_OLD,LVMH Moet Hennessy Louis Vuitton -CFD,787,E:MC
EA747498,US58733R1023,SELL,882.8724,2022-03-14 19:57:45.000,2022-03-14 20:01:30.000,XNGS,USD,,USD,SWAP,CFD_OLD,MercadoLibre -CFD,564,MELI
2E5913F5,US38046C1099,SELL,16.9985,2022-03-14 14:17:03.000,2022-03-14 20:15:06.000,XNGS,USD,,USD,SWAP,CFD_OLD,Gogo -CFD,564,GOGO
093FB274,US38046C1099,SELL,17.2305,2022-03-11 14:31:48.000,2022-03-11 21:09:09.000,XNGS,USD,,USD,SWAP,CFD_OLD,Gogo -CFD,564,GOGO
03154052,US2253101016,SELL,481.631,2022-03-11 14:08:35.000,2022-03-11 18:27:13.000,XNGS,USD,,USD,SWAP,CFD_OLD,Credit Acceptance -CFD,564,CACC
88BB85DE,US58733R1023,SELL,938.5298,2022-03-10 16:45:21.000,2022-03-10 21:00:48.000,XNGS,USD,,USD,SWAP,CFD_OLD,MercadoLibre -CFD,564,MELI
46F4841D,US98980L1017,SELL,102.7778,2022-03-10 16:06:31.000,2022-03-10 21:00:40.000,XNGS,USD,,USD,SWAP,CFD_OLD,Zoom Video Communications -CFD,564,ZM
8538189C,US47215P1066,SELL,53.743,2022-03-10 16:03:33.000,2022-03-10 16:03:33.000,XNGS,USD,,USD,SWAP,CFD_OLD,JD.com -ADR -CFD,564,JD
8F414964,ES0165386014,SELL,20.2,2022-03-10 11:34:57.000,2022-03-10 16:35:05.000,XMAD,EUR,,EUR,SWAP,CFD_OLD,Solaria Energia y Medio Ambiente -CFD,216,E:SLR
DA79E13F,ES0165386014,SELL,20.1002,2022-03-10 10:45:29.000,2022-03-10 16:35:05.000,XMAD,EUR,,EUR,SWAP,CFD_OLD,Solaria Energia y Medio Ambiente -CFD,216,E:SLR
7D8EE507,US98980L1017,BUY,113.089,2022-03-08 17:21:25.000,2022-03-08 18:28:40.000,XNGS,USD,,USD,SWAP,CFD_OLD,Zoom Video Communications -CFD,564,ZM
56D63A03,US38046C1099,SELL,15.8999,2022-03-08 14:27:56.000,2022-03-08 17:24:10.000,XNGS,USD,,USD,SWAP,CFD_OLD,Gogo -CFD,564,GOGO
D26DAA53,US38046C1099,SELL,16.2332,2022-03-07 16:37:22.000,2022-03-07 21:02:13.000,XNGS,USD,,USD,SWAP,CFD_OLD,Gogo -CFD,564,GOGO
8C37C96F,FR0000121014,SELL,570.1918,2022-03-07 16:06:04.000,2022-03-07 16:12:42.000,XPAR,EUR,,EUR,SWAP,CFD_OLD,LVMH Moet Hennessy Louis Vuitton -CFD,787,E:MC
4B0D5CF4,US2253101016,SELL,494.6283,2022-03-07 15:51:51.000,2022-03-07 18:18:30.000,XNGS,USD,,USD,SWAP,CFD_OLD,Credit Acceptance -CFD,564,CACC
20553F60,FR0000127771,SELL,10.5081,2022-03-07 11:56:51.000,2022-03-07 12:10:30.000,XPAR,EUR,,EUR,EQTY,ORD,Vivendi,787,E:VIV
B32B9940,US64110L1061,SELL,358.0109,2022-03-04 17:46:58.000,2022-03-04 18:00:35.000,XNGS,USD,,USD,SWAP,CFD_OLD,Netflix -CFD,564,NFLX
210567A3,US2253101016,SELL,537.0464,2022-03-04 16:44:22.000,2022-03-04 20:22:29.000,XNGS,USD,,USD,SWAP,CFD_OLD,Credit Acceptance -CFD,564,CACC
3B828922,US88160R1014,SELL,834.8695,2022-03-04 11:09:21.000,2022-03-04 21:06:29.000,XNGS,USD,,USD,SWAP,CFD_OLD,Tesla -CFD,564,TSLA
90CC963C,US98980L1017,SELL,126.6566,2022-03-01 17:12:23.000,2022-03-01 17:50:21.000,XNGS,USD,,USD,SWAP,CFD_OLD,Zoom Video Communications -CFD,564,ZM
5B70982F,FR0010908533,SELL,39.8902,2022-03-01 10:11:26.000,2022-03-01 11:20:57.000,XPAR,EUR,,EUR,SWAP,CFD_OLD,Edenred -CFD,787,E:EDEN
06CEBC23,US98980L1017,BUY,133.7672,2022-02-28 16:36:18.000,2022-02-28 17:14:45.000,XNGS,USD,,USD,SWAP,CFD_OLD,Zoom Video Communications -CFD,564,ZM
04676E81,US98980L1017,BUY,130.3098,2022-02-28 15:24:33.000,2022-02-28 15:46:42.000,XNGS,USD,,USD,SWAP,CFD_OLD,Zoom Video Communications -CFD,564,ZM
F8B02B99,US88160R1014,BUY,766.3878,2022-02-24 16:51:36.000,2022-02-24 17:00:25.000,XNGS,USD,,USD,SWAP,CFD_OLD,Tesla -CFD,564,TSLA
633E1783,FR0011981968,SELL,46.4262,2022-02-24 10:32:58.000,2022-02-24 16:03:08.000,XPAR,EUR,,EUR,SWAP,CFD_OLD,Worldline SA/France -CFD,787,E:WLN
012526CA,FR0011981968,SELL,46.9875,2022-02-24 10:32:16.000,2022-02-24 16:03:08.000,XPAR,EUR,,EUR,SWAP,CFD_OLD,Worldline SA/France -CFD,787,E:WLN
0D0F8584,US64110L1061,SELL,375.6741,2022-02-23 17:05:37.000,2022-02-23 17:10:03.000,XNGS,USD,,USD,SWAP,CFD_OLD,Netflix -CFD,564,NFLX
0F43EF42,US98980L1017,SELL,122.2929,2022-02-23 16:52:02.000,2022-02-23 17:26:42.000,XNGS,USD,,USD,SWAP,CFD_OLD,Zoom Video Communications -CFD,564,ZM
FD9C7F2B,US98980L1017,BUY,128.9548,2022-02-22 15:40:16.000,2022-02-22 16:30:47.000,XNGS,USD,,USD,SWAP,CFD_OLD,Zoom Video Communications -CFD,564,ZM
0EF35B07,LU1598757687,BUY,27.5775,2022-02-22 15:26:47.000,2022-02-22 15:26:47.000,XAMS,EUR,,EUR,EQTY,ORD,ArcelorMittal,787,E:MT
949033CC,FR0010908533,BUY,38.1573,2022-02-21 14:52:12.000,2022-02-21 16:29:26.000,XPAR,EUR,,EUR,SWAP,CFD_OLD,Edenred -CFD,787,E:EDEN
6CB41084,NL0012969182,BUY,1850.7217,2022-02-18 14:31:45.000,2022-02-18 16:35:11.000,XAMS,EUR,,EUR,SWAP,CFD_OLD,Adyen -CFD,787,E:ADYEN
515596EF,NL0012969182,BUY,1847.2817,2022-02-18 10:09:19.000,2022-02-18 16:35:11.000,XAMS,EUR,,EUR,SWAP,CFD_OLD,Adyen -CFD,787,E:ADYEN
B798A3AD,NL0012969182,SELL,2026.0184,2022-02-16 15:29:10.000,2022-02-16 16:35:24.000,XAMS,EUR,,EUR,SWAP,CFD_OLD,Adyen -CFD,787,E:ADYEN
28A3235C,US30303M1027,SELL,215.3838,2022-02-16 15:23:48.000,2022-02-16 15:31:39.000,XNGS,USD,,USD,SWAP,CFD_OLD,Meta Platforms -CFD,564,FB
1BCF7ECB,US98980L1017,SELL,138.1407,2022-02-16 15:19:37.000,2022-02-16 15:41:33.000,XNGS,USD,,USD,SWAP,CFD_OLD,Zoom Video Communications -CFD,564,ZM
0B54811D,NL0012969182,BUY,1941.3309,2022-02-15 11:54:55.000,2022-02-15 13:53:42.000,XAMS,EUR,,EUR,SWAP,CFD_OLD,Adyen -CFD,787,E:ADYEN
C105CBAC,NL0012969182,BUY,1930.8438,2022-02-15 11:48:02.000,2022-02-15 13:53:42.000,XAMS,EUR,,EUR,SWAP,CFD_OLD,Adyen -CFD,787,E:ADYEN
87EE1E2B,US98980L1017,SELL,145.013,2022-02-14 15:07:15.000,2022-02-14 21:02:16.000,XNGS,USD,,USD,SWAP,CFD_OLD,Zoom Video Communications -CFD,564,ZM
A6616056,US4523271090,SELL,337.7328,2022-02-11 12:09:34.000,2022-02-11 21:00:16.000,XNGS,USD,,USD,SWAP,CFD_OLD,Illumina -CFD,564,ILMN
FBAC7E0D,LU1598757687,SELL,28.8093,2022-02-10 12:35:33.000,2022-02-10 13:53:53.000,XAMS,EUR,,EUR,EQTY,ORD,ArcelorMittal,787,E:MT
C6344A71,NL0012969182,SELL,1861.6579,2022-02-10 10:48:24.000,2022-02-10 16:35:07.000,XAMS,EUR,,EUR,SWAP,CFD_OLD,Adyen -CFD,787,E:ADYEN
760E89FB,NL0012969182,SELL,1870.6923,2022-02-09 15:38:49.000,2022-02-09 16:00:29.000,XAMS,EUR,,EUR,SWAP,CFD_OLD,Adyen -CFD,787,E:ADYEN
1A67D0CA,NL0012969182,BUY,1863.7114,2022-02-09 08:26:13.000,2022-02-09 09:44:19.000,XAMS,EUR,,EUR,SWAP,CFD_OLD,Adyen -CFD,787,E:ADYEN
4241CA59,NL0012969182,SELL,1640.5855,2022-02-08 12:40:00.000,2022-02-08 13:39:55.000,XAMS,EUR,,EUR,SWAP,CFD_OLD,Adyen -CFD,787,E:ADYEN
A0122E3E,US98980L1017,SELL,141.6087,2022-02-07 17:07:27.000,2022-02-07 18:41:00.000,XNGS,USD,,USD,SWAP,CFD_OLD,Zoom Video Communications -CFD,564,ZM
38F396B4,NL0012969182,SELL,1655.9197,2022-02-04 08:15:27.000,2022-02-04 09:12:11.000,XAMS,EUR,,EUR,SWAP,CFD_OLD,Adyen -CFD,787,E:ADYEN
8D9B3E18,NL0012969182,SELL,1654.6723,2022-02-03 15:06:21.000,2022-02-03 15:43:28.000,XAMS,EUR,,EUR,SWAP,CFD_OLD,Adyen -CFD,787,E:ADYEN
ED962C4B,FR0011981968,SELL,43.651,2022-02-03 09:31:34.000,2022-02-03 09:50:02.000,XPAR,EUR,,EUR,SWAP,CFD_OLD,Worldline SA/France -CFD,787,E:WLN
704CA531,US98980L1017,SELL,154.3469,2022-02-01 16:33:02.000,2022-02-01 21:00:51.000,XNGS,USD,,USD,SWAP,CFD_OLD,Zoom Video Communications -CFD,564,ZM
A20881F9,US2253101016,SELL,507.6716,2022-02-01 15:14:29.000,2022-02-01 18:23:04.000,XNGS,USD,,USD,SWAP,CFD_OLD,Credit Acceptance -CFD,564,CACC
CD8FFACF,LU1598757687,BUY,27.2382,2022-02-01 09:53:07.000,2022-02-01 14:45:36.000,XAMS,EUR,,EUR,EQTY,ORD,ArcelorMittal,787,E:MT
6096D25D,LU1598757687,BUY,26.9631,2022-02-01 09:51:40.000,2022-02-01 14:45:36.000,XAMS,EUR,,EUR,EQTY,ORD,ArcelorMittal,787,E:MT
FC6216F0,US4523271090,BUY,343.4202,2022-01-31 17:11:54.000,2022-01-31 17:54:48.000,XNGS,USD,USD,,SWAP,CFD_OLD,Illumina -CFD,564,ILMN
5D7A29CB,US88160R1014,SELL,920,2022-01-31 16:29:30.000,2022-01-31 16:33:19.000,XNGS,USD,USD,,SWAP,CFD_OLD,Tesla -CFD,564,TSLA
2264056B,US88160R1014,SELL,922.603,2022-01-31 16:01:50.000,2022-01-31 16:04:46.000,XNGS,USD,USD,,SWAP,CFD_OLD,Tesla -CFD,564,TSLA
9DEB6768,US2253101016,SELL,538.3799,2022-01-31 15:40:17.000,2022-01-31 20:46:27.000,XNGS,USD,USD,,SWAP,CFD_OLD,Credit Acceptance -CFD,564,CACC
E13FFB66,US88160R1014,SELL,909.2517,2022-01-31 15:36:07.000,2022-01-31 16:00:47.000,XNGS,USD,USD,,SWAP,CFD_OLD,Tesla -CFD,564,TSLA
6B826E3D,NL0012969182,BUY,1776.2644,2022-01-31 09:09:28.000,2022-01-31 09:09:33.000,XAMS,EUR,EUR,,SWAP,CFD_OLD,Adyen -CFD,787,E:ADYEN
2BF3F792,US98980L1017,BUY,141.5655,2022-01-28 16:22:47.000,2022-01-28 19:18:53.000,XNGS,USD,USD,,SWAP,CFD_OLD,Zoom Video Communications -CFD,564,ZM
6178F4CD,US64110L1061,BUY,380.7598,2022-01-28 16:19:45.000,2022-01-28 16:28:00.000,XNGS,USD,USD,,SWAP,CFD_OLD,Netflix -CFD,564,NFLX
39D685DA,US88160R1014,BUY,855.1094,2022-01-28 16:13:01.000,2022-01-28 16:15:28.000,XNGS,USD,USD,,SWAP,CFD_OLD,Tesla -CFD,564,TSLA
BB90A20A,US02376R1023,SELL,15.5716,2022-01-28 14:51:02.000,2022-01-28 14:52:01.000,XNGS,USD,USD,,EQTY,ORD,American Airlines Group,564,AAL
08D44718,NL0015000IY2,SELL,21.1221,2022-01-28 09:48:16.000,2022-01-28 11:56:43.000,XAMS,EUR,EUR,,EQTY,ORD,Universal Music Group,787,E:UMG
3AF98101,FR0010908533,SELL,37.3429,2022-01-27 12:18:47.000,2022-01-27 16:35:26.000,XPAR,EUR,EUR,,SWAP,CFD_OLD,Edenred -CFD,787,E:EDEN
814F2618,NL0012015705,SELL,47.536,2022-01-21 09:37:56.000,2022-01-21 14:41:08.000,XAMS,EUR,EUR,,SWAP,CFD_OLD,Just Eat Takeaway.com -CFD,787,E:TKWY
AD3435C8,NL0012015705,SELL,47.2738,2022-01-21 09:32:27.000,2022-01-21 14:41:08.000,XAMS,EUR,EUR,,SWAP,CFD_OLD,Just Eat Takeaway.com -CFD,787,E:TKWY
1EC1AA83,US4523271090,SELL,385.4738,2022-01-18 17:59:32.000,2022-01-18 21:01:11.000,XNGS,USD,USD,,SWAP,CFD_OLD,Illumina -CFD,564,ILMN
AD48719F,US30303M1027,SELL,319.9985,2022-01-18 15:37:23.000,2022-01-18 21:01:30.000,XNGS,USD,USD,,SWAP,CFD_OLD,Meta Platforms -CFD,564,FB
BA092261,US88160R1014,SELL,1043.8707,2022-01-18 15:28:58.000,2022-01-18 21:00:13.000,XNGS,USD,USD,,SWAP,CFD_OLD,Tesla -CFD,564,TSLA
948816A0,US98980L1017,SELL,159.6415,2022-01-18 15:23:06.000,2022-01-18 21:00:18.000,XNGS,USD,USD,,SWAP,CFD_OLD,Zoom Video Communications -CFD,564,ZM
E3BF1E48,US38046C1099,BUY,13.0339,2022-01-14 15:41:24.000,2022-01-14 21:02:17.000,XNGS,USD,USD,,SWAP,CFD_OLD,Gogo -CFD,564,GOGO
61A3A925,US38046C1099,BUY,13.0815,2022-01-13 14:47:33.000,2022-01-13 21:02:58.000,XNGS,USD,USD,,SWAP,CFD_OLD,Gogo -CFD,564,GOGO
2FA5E1FC,US98980L1017,SELL,167.3705,2022-01-13 14:29:54.000,2022-01-13 15:09:40.000,XNGS,USD,USD,,SWAP,CFD_OLD,Zoom Video Communications -CFD,564,ZM
7B0E39CC,FR0010908533,SELL,41.8598,2022-01-13 08:06:29.000,2022-01-13 11:07:54.000,XPAR,EUR,EUR,,SWAP,CFD_OLD,Edenred -CFD,787,E:EDEN
D9BB63AB,FR0010908533,SELL,41.917,2022-01-12 15:02:19.000,2022-01-12 16:35:34.000,XPAR,EUR,EUR,,SWAP,CFD_OLD,Edenred -CFD,787,E:EDEN
AB28AC75,US38046C1099,BUY,13.3822,2022-01-12 13:55:21.000,2022-01-12 21:00:55.000,XNGS,USD,USD,,SWAP,CFD_OLD,Gogo -CFD,564,GOGO
CDCA9489,US2253101016,BUY,615.9381,2022-01-12 13:55:21.000,2022-01-12 17:40:04.000,XNGS,USD,USD,,SWAP,CFD_OLD,Credit Acceptance -CFD,564,CACC
E8283018,US4523271090,BUY,389.6913,2022-01-11 14:43:31.000,2022-01-11 15:32:01.000,XNGS,USD,USD,,SWAP,CFD_OLD,Illumina -CFD,564,ILMN
EEAAF7C1,US98980L1017,BUY,175.152,2022-01-11 14:43:31.000,2022-01-11 15:31:55.000,XNGS,USD,USD,,SWAP,CFD_OLD,Zoom Video Communications -CFD,564,ZM
B67D7966,US38046C1099,BUY,13.4404,2022-01-11 14:09:16.000,2022-01-11 21:01:32.000,XNGS,USD,USD,,SWAP,CFD_OLD,Gogo -CFD,564,GOGO
D30F9A8C,US2253101016,BUY,618.2711,2022-01-11 14:08:43.000,2022-01-11 21:09:58.000,XNGS,USD,USD,,SWAP,CFD_OLD,Credit Acceptance -CFD,564,CACC
8AAD053A,NL0012969182,BUY,2001.908,2022-01-11 10:45:36.000,2022-01-11 16:37:24.000,XAMS,EUR,EUR,,SWAP,CFD_OLD,Adyen -CFD,787,E:ADYEN
CAB750E6,NL0012969182,BUY,2020.5,2022-01-11 10:09:11.000,2022-01-11 16:37:24.000,XAMS,EUR,EUR,,SWAP,CFD_OLD,Adyen -CFD,787,E:ADYEN
3DE2E7AD,US4523271090,BUY,377.4091,2021-12-13 14:50:46.000,2021-12-13 21:00:26.000,XNGS,USD,USD,,SWAP,CFD_OLD,Illumina -CFD,564,ILMN
CED54DF9,US88160R1014,BUY,1048.5999,2021-12-07 15:37:13.000,2021-12-07 15:40:56.000,XNGS,USD,USD,,SWAP,CFD_OLD,Tesla -CFD,564,TSLA
DF5FD765,US2253101016,BUY,657.7,2021-12-07 15:31:25.000,2021-12-07 17:19:34.000,XNGS,USD,USD,,SWAP,CFD_OLD,Credit Acceptance -CFD,564,CACC
764D5698,US2253101016,BUY,640.7558,2021-12-02 11:50:03.000,2021-12-02 20:59:54.000,XNGS,USD,USD,,SWAP,CFD_OLD,Credit Acceptance -CFD,564,CACC
C7836274,US64110L1061,BUY,617.7724,2021-12-02 11:50:03.000,2021-12-02 20:59:57.000,XNGS,USD,USD,,SWAP,CFD_OLD,Netflix -CFD,564,NFLX
EF47DB80,US98980L1017,BUY,192.701,2021-12-02 11:50:03.000,2021-12-02 20:59:54.000,XNGS,USD,USD,,SWAP,CFD_OLD,Zoom Video Communications -CFD,564,ZM
212586BE,US88160R1014,BUY,1085.6856,2021-12-02 11:50:03.000,2021-12-02 20:59:53.000,XNGS,USD,USD,,SWAP,CFD_OLD,Tesla -CFD,564,TSLA
779960FC,US38046C1099,BUY,12.6685,2021-12-02 11:50:03.000,2021-12-02 20:59:53.000,XNGS,USD,USD,,SWAP,CFD_OLD,Gogo -CFD,564,GOGO
B7B5A0E1,US4523271090,BUY,356.7161,2021-12-02 11:50:03.000,2021-12-02 20:59:55.000,XNGS,USD,USD,,SWAP,CFD_OLD,Illumina -CFD,564,ILMN
42A4CA46,NL0015000IY2,SELL,25.332,2021-12-02 09:05:27.000,2021-12-02 16:35:18.000,XAMS,EUR,EUR,,EQTY,ORD,Universal Music Group,787,E:UMG
F40D13C4,FR0011981968,BUY,46.5476,2021-12-02 09:05:27.000,2021-12-02 16:35:24.000,XPAR,EUR,EUR,,SWAP,CFD_OLD,Worldline SA/France -CFD,787,E:WLN
F528AAEE,FR0000120107,SELL,61.6361,2021-12-02 09:05:27.000,2021-12-02 16:35:25.000,XPAR,EUR,EUR,,EQTY,ORD,Savencia,787,E:SAVE
E26E17F8,NL0012969182,BUY,2350.2143,2021-12-02 09:05:27.000,2021-12-02 16:35:05.000,XAMS,EUR,EUR,,SWAP,CFD_OLD,Adyen -CFD,787,E:ADYEN
01024C1C,FR0000127771,SELL,11.2695,2021-12-02 09:05:27.000,2021-12-02 16:35:23.000,XPAR,EUR,EUR,,EQTY,ORD,Vivendi,787,E:VIV
3F460E0B,US38046C1099,BUY,12.6733,2021-12-01 12:08:18.000,2021-12-01 20:59:53.000,XNGS,USD,USD,,SWAP,CFD_OLD,Gogo -CFD,564,GOGO
EC9560AA,US2253101016,BUY,630.7838,2021-12-01 12:08:18.000,2021-12-01 20:59:54.000,XNGS,USD,USD,,SWAP,CFD_OLD,Credit Acceptance -CFD,564,CACC
00F79C7A,US98980L1017,BUY,201.6775,2021-12-01 12:08:18.000,2021-12-01 20:59:53.000,XNGS,USD,USD,,SWAP,CFD_OLD,Zoom Video Communications -CFD,564,ZM
F478F0DF,US4523271090,BUY,362.5182,2021-12-01 12:08:18.000,2021-12-01 20:59:53.000,XNGS,USD,USD,,SWAP,CFD_OLD,Illumina -CFD,564,ILMN
8D99DAFA,US88160R1014,BUY,1144.9883,2021-12-01 12:08:18.000,2021-12-01 20:59:54.000,XNGS,USD,USD,,SWAP,CFD_OLD,Tesla -CFD,564,TSLA
14F2E879,US64110L1061,BUY,637.5509,2021-12-01 12:08:18.000,2021-12-01 20:59:53.000,XNGS,USD,USD,,SWAP,CFD_OLD,Netflix -CFD,564,NFLX
A0B2DCC0,NL0012969182,BUY,2425.3571,2021-12-01 09:30:00.000,2021-12-01 16:35:24.000,XAMS,EUR,EUR,,SWAP,CFD_OLD,Adyen -CFD,787,E:ADYEN
157F1540,FR0000120107,SELL,61.8835,2021-12-01 09:30:00.000,2021-12-01 16:35:09.000,XPAR,EUR,EUR,,EQTY,ORD,Savencia,787,E:SAVE
3C612134,FR0000120107,SELL,61.8189,2021-12-01 09:30:00.000,2021-12-02 16:35:25.000,XPAR,EUR,EUR,,EQTY,ORD,Savencia,787,E:SAVE
B5E187E6,FR0011981968,BUY,46.2489,2021-12-01 09:30:00.000,2021-12-01 16:35:13.000,XPAR,EUR,EUR,,SWAP,CFD_OLD,Worldline SA/France -CFD,787,E:WLN
4C8C543B,FR0000127771,SELL,11.4357,2021-12-01 09:30:00.000,2021-12-01 16:35:15.000,XPAR,EUR,EUR,,EQTY,ORD,Vivendi,787,E:VIV
0D8EAF11,NL0015000IY2,SELL,25.9986,2021-12-01 09:30:00.000,2021-12-01 16:35:25.000,XAMS,EUR,EUR,,EQTY,ORD,Universal Music Group,787,E:UMG
932FB985,US30303M1027,BUY,337.9644,2021-11-29 14:43:53.000,2021-11-29 21:00:37.000,XNGS,USD,USD,,SWAP,CFD_OLD,Meta Platforms -CFD,564,FB
22346035,FR0000120107,SELL,62.156,2021-11-25 10:25:53.000,2021-11-30 16:35:15.000,XPAR,EUR,EUR,,EQTY,ORD,Savencia,787,E:SAVE
E9E2BC59,US4523271090,SELL,363.8619,2021-11-24 14:57:49.000,2021-11-24 21:00:19.000,XNGS,USD,USD,,SWAP,CFD_OLD,Illumina -CFD,564,ILMN
5FB74EE9,FR0011981968,SELL,48.4725,2021-11-23 16:06:17.000,2021-11-23 16:35:23.000,XPAR,EUR,EUR,,SWAP,CFD_OLD,Worldline SA/France -CFD,787,E:WLN
5682A23F,US4523271090,SELL,365.1668,2021-11-23 15:41:47.000,2021-11-23 21:01:54.000,XNGS,USD,USD,,SWAP,CFD_OLD,Illumina -CFD,564,ILMN
28F5770D,US98980L1017,SELL,208.4985,2021-11-23 12:02:12.000,2021-11-23 15:17:55.000,XNGS,USD,USD,,SWAP,CFD_OLD,Zoom Video Communications -CFD,564,ZM
090C4E03,BE0003816338,SELL,8.4853,2021-11-23 11:53:41.000,2021-11-23 12:29:03.000,XBRU,EUR,EUR,,EQTY,ORD,Euronav,787,E:EURN
1EC3F9B6,FR0000120107,SELL,64.1067,2021-11-23 08:42:31.000,2021-11-23 16:35:10.000,XPAR,EUR,EUR,,EQTY,ORD,Savencia,787,E:SAVE
530448D8,FR0000120107,SELL,64.2184,2021-11-22 08:54:46.000,2021-11-22 16:21:13.000,XPAR,EUR,EUR,,EQTY,ORD,Savencia,787,E:SAVE
2C718CB6,BE0003816338,SELL,8.6347,2021-11-19 11:05:03.000,2021-11-19 11:06:20.000,XBRU,EUR,EUR,,EQTY,ORD,Euronav,787,E:EURN
7C4E400C,BE0003816338,SELL,8.6371,2021-11-19 10:36:24.000,2021-11-19 11:06:20.000,XBRU,EUR,EUR,,EQTY,ORD,Euronav,787,E:EURN
DA86C115,FR0000120107,SELL,66,2021-11-19 08:30:20.000,2021-11-19 11:39:09.000,XPAR,EUR,EUR,,EQTY,ORD,Savencia,787,E:SAVE
7D5D0A5C,US4523271090,SELL,369.1637,2021-11-18 13:28:12.000,2021-11-18 17:05:32.000,XNGS,USD,USD,,SWAP,CFD_OLD,Illumina -CFD,564,ILMN
BA43BB01,FR0000120107,SELL,65.5616,2021-11-18 10:38:40.000,2021-11-18 16:29:12.000,XPAR,EUR,EUR,,EQTY,ORD,Savencia,787,E:SAVE
2C37789D,FR0000120107,SELL,64.1333,2021-11-16 07:48:03.000,2021-11-16 13:17:05.000,XPAR,EUR,EUR,,EQTY,ORD,Savencia,787,E:SAVE
2D7EDC17,FR0000120107,SELL,64.3765,2021-11-15 08:35:40.000,2021-11-15 16:35:10.000,XPAR,EUR,EUR,,EQTY,ORD,Savencia,787,E:SAVE
181B070D,FR0000120107,SELL,64.1376,2021-11-12 07:54:00.000,2021-11-12 16:35:01.000,XPAR,EUR,EUR,,EQTY,ORD,Savencia,787,E:SAVE
CF0AFD5E,ANN4327C1220,SELL,104.8,2021-11-11 15:07:41.000,2021-11-11 15:54:01.000,XAMS,EUR,EUR,,SWAP,CFD_OLD,Hunter Douglas -CFD,787,E:HDG
FE23702A,FR0000120107,SELL,64.5478,2021-11-11 10:27:08.000,2021-11-11 16:35:25.000,XPAR,EUR,EUR,,EQTY,ORD,Savencia,787,E:SAVE
50E6728A,US30303M1027,SELL,327.7813,2021-11-10 20:17:52.000,2021-11-10 21:01:01.000,XNGS,USD,USD,,SWAP,CFD_OLD,Meta Platforms -CFD,564,FB
128164CB,FR0000120107,SELL,64.2,2021-11-10 07:51:31.000,2021-11-10 13:05:22.000,XPAR,EUR,EUR,,EQTY,ORD,Savencia,787,E:SAVE
E8784A11,FR0000120107,SELL,63.8444,2021-11-09 08:12:43.000,2021-11-09 16:35:07.000,XPAR,EUR,EUR,,EQTY,ORD,Savencia,787,E:SAVE
2D4C75D7,FR0000120107,SELL,63.8,2021-11-08 08:40:27.000,2021-11-08 15:52:25.000,XPAR,EUR,EUR,,EQTY,ORD,Savencia,787,E:SAVE
FDA3E2D9,US98980L1017,BUY,264.9581,2021-11-05 14:04:46.000,2021-11-05 19:59:23.000,XNGS,USD,USD,,SWAP,CFD_OLD,Zoom Video Communications -CFD,564,ZM
72512C3E,US38046C1099,BUY,15.9708,2021-11-05 14:04:46.000,2021-11-05 19:59:57.000,XNGS,USD,USD,,SWAP,CFD_OLD,Gogo -CFD,564,GOGO
2FE44F5A,US2253101016,BUY,690.9782,2021-11-05 14:04:46.000,2021-11-05 19:55:00.000,XNGS,USD,USD,,SWAP,CFD_OLD,Credit Acceptance -CFD,564,CACC
E747B293,US88160R1014,BUY,1229.4319,2021-11-05 14:04:46.000,2021-11-05 19:53:39.000,XNGS,USD,USD,,SWAP,CFD_OLD,Tesla -CFD,564,TSLA
870B7014,US4523271090,BUY,405.0011,2021-11-05 14:04:46.000,2021-11-05 19:54:52.000,XNGS,USD,USD,,SWAP,CFD_OLD,Illumina -CFD,564,ILMN
89F410E3,US30303M1027,BUY,342.4771,2021-11-05 14:04:46.000,2021-11-05 19:48:26.000,XNGS,USD,USD,,SWAP,CFD_OLD,Meta Platforms -CFD,564,FB
7961D639,US64110L1061,BUY,652.9126,2021-11-05 14:04:46.000,2021-11-05 19:56:07.000,XNGS,USD,USD,,SWAP,CFD_OLD,Netflix -CFD,564,NFLX
1274326D,NL0015000IY2,SELL,25.9794,2021-11-05 14:00:48.000,2021-11-05 16:35:30.000,XAMS,EUR,EUR,,EQTY,ORD,Universal Music Group,787,E:UMG
9BF2CEFF,NL0012969182,BUY,2753.3333,2021-11-05 14:00:48.000,2021-11-05 16:35:27.000,XAMS,EUR,EUR,,SWAP,CFD_OLD,Adyen -CFD,787,E:ADYEN
F65C9DF9,BE0003816338,SELL,8.598,2021-11-05 14:00:48.000,2021-11-05 16:35:10.000,XBRU,EUR,EUR,,EQTY,ORD,Euronav,787,E:EURN
7C0F6D70,FR0000120107,SELL,63.7444,2021-11-05 14:00:48.000,2021-11-05 16:35:03.000,XPAR,EUR,EUR,,EQTY,ORD,Savencia,787,E:SAVE
550214F1,FR0000127771,SELL,11.1125,2021-11-05 14:00:48.000,2021-11-05 16:35:23.000,XPAR,EUR,EUR,,EQTY,ORD,Vivendi,787,E:VIV
E56FE796,US4523271090,SELL,419.3306,2021-11-04 11:40:50.000,2021-11-04 15:15:31.000,XNGS,USD,USD,,SWAP,CFD_OLD,Illumina -CFD,564,ILMN
39CDD540,US2253101016,SELL,683.4623,2021-11-04 11:40:50.000,2021-11-04 15:17:32.000,XNGS,USD,USD,,SWAP,CFD_OLD,Credit Acceptance -CFD,564,CACC
3A2ED546,US38046C1099,SELL,18.1297,2021-11-04 11:40:50.000,2021-11-04 15:14:47.000,XNGS,USD,USD,,SWAP,CFD_OLD,Gogo -CFD,564,GOGO
9D869236,US88160R1014,SELL,1234.6262,2021-11-04 11:40:50.000,2021-11-04 15:15:10.000,XNGS,USD,USD,,SWAP,CFD_OLD,Tesla -CFD,564,TSLA
7AE63006,US30303M1027,SELL,335.7377,2021-11-04 11:40:50.000,2021-11-04 15:13:03.000,XNGS,USD,USD,,SWAP,CFD_OLD,Meta Platforms -CFD,564,FB
C685D89E,US64110L1061,SELL,680.2582,2021-11-04 11:40:50.000,2021-11-04 15:02:14.000,XNGS,USD,USD,,SWAP,CFD_OLD,Netflix -CFD,564,NFLX
6907BB43,US98980L1017,SELL,287.7009,2021-11-04 11:40:50.000,2021-11-04 15:04:56.000,XNGS,USD,USD,,SWAP,CFD_OLD,Zoom Video Communications -CFD,564,ZM
87DC5FB0,FR0000127771,BUY,11.0884,2021-11-04 10:34:39.000,2021-11-04 14:57:11.000,XPAR,EUR,EUR,,EQTY,ORD,Vivendi,787,E:VIV
0B6BE4DA,BE0003816338,BUY,9.1158,2021-11-04 10:34:39.000,2021-11-04 15:04:52.000,XBRU,EUR,EUR,,EQTY,ORD,Euronav,787,E:EURN
7DFE33F8,NL0012969182,SELL,2696,2021-11-04 10:34:39.000,2021-11-04 14:29:53.000,XAMS,EUR,EUR,,SWAP,CFD_OLD,Adyen -CFD,787,E:ADYEN
05FAF565,NL0015000IY2,BUY,25.6939,2021-11-04 10:34:39.000,2021-11-04 15:08:35.000,XAMS,EUR,EUR,,EQTY,ORD,Universal Music Group,787,E:UMG
B8F4DDD1,FR0000120107,BUY,63.8849,2021-11-04 10:34:39.000,2021-11-04 15:10:51.000,XPAR,EUR,EUR,,EQTY,ORD,Savencia,787,E:SAVE
31C27E09,US30303M1027,SELL,327,2021-11-02 16:08:31.000,2021-11-02 16:12:21.000,XNGS,USD,USD,,SWAP,CFD_OLD,Meta Platforms -CFD,564,FB
FE9E443D,US97717P1049,BUY,6.6121,2021-11-02 11:56:27.000,2021-11-02 19:59:53.000,XNGS,USD,USD,,SWAP,CFD_OLD,WisdomTree Investments -CFD,564,WETF
9E227E07,US4523271090,SELL,415.5363,2021-11-02 11:30:38.000,2021-11-02 19:59:38.000,XNGS,USD,USD,,SWAP,CFD_OLD,Illumina -CFD,564,ILMN
DED5F7EC,US64110L1061,SELL,678.6402,2021-11-02 11:30:38.000,2021-11-02 19:58:50.000,XNGS,USD,USD,,SWAP,CFD_OLD,Netflix -CFD,564,NFLX
167B544A,US88160R1014,SELL,1175.2308,2021-11-02 11:30:38.000,2021-11-02 19:59:01.000,XNGS,USD,USD,,SWAP,CFD_OLD,Tesla -CFD,564,TSLA
C1FEA633,US98980L1017,SELL,280.0221,2021-11-02 11:30:38.000,2021-11-02 19:59:32.000,XNGS,USD,USD,,SWAP,CFD_OLD,Zoom Video Communications -CFD,564,ZM
BF1AD9D9,US38046C1099,SELL,16.4384,2021-11-02 11:30:38.000,2021-11-02 19:59:56.000,XNGS,USD,USD,,SWAP,CFD_OLD,Gogo -CFD,564,GOGO
289F4966,US2253101016,SELL,634.711,2021-11-02 11:30:38.000,2021-11-02 19:59:15.000,XNGS,USD,USD,,SWAP,CFD_OLD,Credit Acceptance -CFD,564,CACC
D97C1592,FR0000120107,BUY,64.0625,2021-11-02 11:25:39.000,2021-11-02 16:35:13.000,XPAR,EUR,EUR,,EQTY,ORD,Savencia,787,E:SAVE
3142F2BC,BE0003816338,BUY,9.1565,2021-11-02 11:25:39.000,2021-11-02 16:35:01.000,XBRU,EUR,EUR,,EQTY,ORD,Euronav,787,E:EURN
73410C1E,FR0000127771,BUY,10.998,2021-11-02 11:25:39.000,2021-11-02 16:35:24.000,XPAR,EUR,EUR,,EQTY,ORD,Vivendi,787,E:VIV
D1A3A638,NL0012969182,SELL,2598.7727,2021-11-02 11:25:39.000,2021-11-02 16:35:10.000,XAMS,EUR,EUR,,SWAP,CFD_OLD,Adyen -CFD,787,E:ADYEN
5420554B,NL0015000IY2,BUY,24.8181,2021-11-02 11:25:39.000,2021-11-02 16:35:17.000,XAMS,EUR,EUR,,EQTY,ORD,Universal Music Group,787,E:UMG
0CF8487F,US97717P1049,BUY,6.5757,2021-11-01 12:19:31.000,2021-11-01 20:01:19.000,XNGS,USD,USD,,SWAP,CFD_OLD,WisdomTree Investments -CFD,564,WETF
E8D7C3C3,US97717P1049,BUY,6.3988,2021-10-29 14:33:01.000,2021-10-29 21:03:42.000,XNGS,USD,USD,,SWAP,CFD_OLD,WisdomTree Investments -CFD,564,WETF
D47C9C03,US12572Q1058,BUY,217.7271,2021-10-28 14:48:23.000,2021-10-28 21:17:37.000,XNGS,USD,USD,,SWAP,CFD_OLD,CME -CFD,564,CME
A8513B99,US98980L1017,BUY,275.1682,2021-10-28 12:45:07.000,2021-10-28 21:01:28.000,XNGS,USD,USD,,SWAP,CFD_OLD,Zoom Video Communications -CFD,564,ZM
34F29521,US64110L1061,BUY,673.3231,2021-10-28 12:42:59.000,2021-10-28 21:03:42.000,XNGS,USD,USD,,SWAP,CFD_OLD,Netflix -CFD,564,NFLX
5B7F45E6,US97717P1049,BUY,6.1158,2021-10-28 12:40:28.000,2021-10-28 21:17:56.000,XNGS,USD,USD,,SWAP,CFD_OLD,WisdomTree Investments -CFD,564,WETF
D0EFF0C9,US4523271090,BUY,414.4271,2021-10-28 12:37:24.000,2021-10-28 21:01:24.000,XNGS,USD,USD,,SWAP,CFD_OLD,Illumina -CFD,564,ILMN
47C5A756,FR0000121014,BUY,669.5282,2021-10-28 12:07:23.000,2021-10-28 14:50:44.000,XPAR,EUR,EUR,,SWAP,CFD_OLD,LVMH Moet Hennessy Louis Vuitton -CFD,787,E:MC
AD9352A7,NL0012969182,BUY,2658.5071,2021-10-28 11:47:45.000,2021-10-28 12:24:57.000,XAMS,EUR,EUR,,SWAP,CFD_OLD,Adyen -CFD,787,E:ADYEN
E707AFD4,FR0000121014,BUY,671.55,2021-10-28 11:45:46.000,2021-10-28 14:50:44.000,XPAR,EUR,EUR,,SWAP,CFD_OLD,LVMH Moet Hennessy Louis Vuitton -CFD,787,E:MC
54179F02,FR0000121014,BUY,668.913,2021-10-28 11:04:39.000,2021-10-28 14:50:44.000,XPAR,EUR,EUR,,SWAP,CFD_OLD,LVMH Moet Hennessy Louis Vuitton -CFD,787,E:MC
C4238D68,US88160R1014,BUY,1046.8262,2021-10-27 13:54:18.000,2021-10-27 14:54:35.000,XNGS,USD,USD,,SWAP,CFD_OLD,Tesla -CFD,564,TSLA
62CC1570,US88160R1014,BUY,1042.9339,2021-10-26 11:23:21.000,2021-10-26 20:58:59.000,XNGS,USD,USD,,SWAP,CFD_OLD,Tesla -CFD,564,TSLA
07A5C233,US88160R1014,BUY,981.3442,2021-10-25 11:32:34.000,2021-10-25 20:56:14.000,XNGS,USD,USD,,SWAP,CFD_OLD,Tesla -CFD,564,TSLA
CFF6A856,ANN4327C1220,SELL,104.8719,2021-10-25 08:34:52.000,2021-10-25 16:35:22.000,XAMS,EUR,EUR,,SWAP,CFD_OLD,Hunter Douglas -CFD,787,E:HDG
B4867750,BE0003816338,SELL,9.3646,2021-10-25 08:34:52.000,2021-10-25 16:35:06.000,XBRU,EUR,EUR,,EQTY,ORD,Euronav,787,E:EURN
C5F9B3C8,FR0000120107,SELL,63.988,2021-10-25 08:34:52.000,2021-10-26 16:35:26.000,XPAR,EUR,EUR,,EQTY,ORD,Savencia,787,E:SAVE
8E013157,FR0000127771,SELL,11.3224,2021-10-25 08:34:52.000,2021-10-25 16:35:07.000,XPAR,EUR,EUR,,EQTY,ORD,Vivendi,787,E:VIV
75EE0F73,NL0015000IY2,SELL,24.9387,2021-10-25 08:34:52.000,2021-10-25 16:35:06.000,XAMS,EUR,EUR,,EQTY,ORD,Universal Music Group,787,E:UMG
2518F16E,NL0012969182,BUY,2687.1176,2021-10-25 08:34:52.000,2021-10-25 16:35:22.000,XAMS,EUR,EUR,,SWAP,CFD_OLD,Adyen -CFD,787,E:ADYEN
0EF5E346,FR0000120107,SELL,63.988,2021-10-25 08:34:52.000,2021-10-26 16:35:26.000,XPAR,EUR,EUR,,EQTY,ORD,Savencia,787,E:SAVE
D21A87E5,FR0000120107,SELL,64.2027,2021-10-25 08:34:52.000,2021-10-25 16:35:18.000,XPAR,EUR,EUR,,EQTY,ORD,Savencia,787,E:SAVE
349C6CA7,FR0000120107,SELL,64.2027,2021-10-25 08:34:52.000,2021-10-25 16:35:18.000,XPAR,EUR,EUR,,EQTY,ORD,Savencia,787,E:SAVE
03804ECA,FR0000121014,BUY,660.0736,2021-10-25 08:34:52.000,2021-10-25 16:35:23.000,XPAR,EUR,EUR,,SWAP,CFD_OLD,LVMH Moet Hennessy Louis Vuitton -CFD,787,E:MC
7EC4729D,US97717P1049,BUY,5.9557,2021-10-22 16:02:02.000,2021-10-22 20:59:56.000,XNGS,USD,USD,,SWAP,CFD_OLD,WisdomTree Investments -CFD,564,WETF
518C5BC2,US4523271090,BUY,407.36,2021-10-22 16:02:02.000,2021-10-22 20:59:41.000,XNGS,USD,USD,,SWAP,CFD_OLD,Illumina -CFD,564,ILMN
5EAC7367,US2253101016,BUY,621.0656,2021-10-22 16:02:02.000,2021-10-22 20:59:58.000,XNGS,USD,USD,,SWAP,CFD_OLD,Credit Acceptance -CFD,564,CACC
41A7CD32,US38046C1099,BUY,17.1388,2021-10-22 16:02:02.000,2021-10-22 20:59:56.000,XNGS,USD,USD,,SWAP,CFD_OLD,Gogo -CFD,564,GOGO
A6A82550,US64110L1061,BUY,660.1959,2021-10-22 16:02:02.000,2021-10-22 20:59:25.000,XNGS,USD,USD,,SWAP,CFD_OLD,Netflix -CFD,564,NFLX
E6CAEC92,US88160R1014,BUY,905.1795,2021-10-22 16:02:02.000,2021-10-22 20:58:23.000,XNGS,USD,USD,,SWAP,CFD_OLD,Tesla -CFD,564,TSLA
3C324777,US98980L1017,BUY,278.1178,2021-10-22 16:02:02.000,2021-10-22 20:59:56.000,XNGS,USD,USD,,SWAP,CFD_OLD,Zoom Video Communications -CFD,564,ZM
2CFA15F8,US12572Q1058,BUY,216.9211,2021-10-22 16:02:02.000,2021-10-22 20:59:40.000,XNGS,USD,USD,,SWAP,CFD_OLD,CME -CFD,564,CME
E9E68886,ANN4327C1220,SELL,104.1571,2021-10-22 08:02:07.000,2021-10-22 16:35:16.000,XAMS,EUR,EUR,,SWAP,CFD_OLD,Hunter Douglas -CFD,787,E:HDG
5C4DFE8B,FR0000127771,SELL,11.5374,2021-10-22 08:02:07.000,2021-10-22 16:35:15.000,XPAR,EUR,EUR,,EQTY,ORD,Vivendi,787,E:VIV
8DDC4479,NL0015000IY2,SELL,24.9755,2021-10-22 08:02:07.000,2021-10-22 16:35:15.000,XAMS,EUR,EUR,,EQTY,ORD,Universal Music Group,787,E:UMG
46CC6FA7,FR0000121014,BUY,668.4967,2021-10-22 08:02:07.000,2021-10-22 16:35:20.000,XPAR,EUR,EUR,,SWAP,CFD_OLD,LVMH Moet Hennessy Louis Vuitton -CFD,787,E:MC
97E7C2AE,FR0000120107,SELL,64.28,2021-10-22 08:02:07.000,2021-10-22 16:35:26.000,XPAR,EUR,EUR,,EQTY,ORD,Savencia,787,E:SAVE
A1508E1C,BE0003816338,SELL,9.3828,2021-10-22 08:02:07.000,2021-10-22 16:35:14.000,XBRU,EUR,EUR,,EQTY,ORD,Euronav,787,E:EURN
2ED67F7D,NL0012969182,BUY,2690.3421,2021-10-22 08:02:07.000,2021-10-22 16:35:04.000,XAMS,EUR,EUR,,SWAP,CFD_OLD,Adyen -CFD,787,E:ADYEN
FE6454B5,US98980L1017,BUY,275.9572,2021-10-21 15:34:28.000,2021-10-21 20:59:53.000,XNGS,USD,USD,,SWAP,CFD_OLD,Zoom Video Communications -CFD,564,ZM
1F9FED22,US4523271090,BUY,412.4288,2021-10-21 15:31:04.000,2021-10-21 20:59:27.000,XNGS,USD,USD,,SWAP,CFD_OLD,Illumina -CFD,564,ILMN
D8F13154,US97717P1049,BUY,5.9135,2021-10-21 15:31:04.000,2021-10-21 20:59:54.000,XNGS,USD,USD,,SWAP,CFD_OLD,WisdomTree Investments -CFD,564,WETF
7AE4A365,US2253101016,BUY,620.1265,2021-10-21 15:31:04.000,2021-10-21 20:59:46.000,XNGS,USD,USD,,SWAP,CFD_OLD,Credit Acceptance -CFD,564,CACC
7293B5B4,US64110L1061,BUY,649.8175,2021-10-21 15:31:04.000,2021-10-21 20:59:36.000,XNGS,USD,USD,,SWAP,CFD_OLD,Netflix -CFD,564,NFLX
0C935CCD,US88160R1014,BUY,893.3761,2021-10-21 15:31:04.000,2021-10-21 20:59:23.000,XNGS,USD,USD,,SWAP,CFD_OLD,Tesla -CFD,564,TSLA
BECB32EA,US38046C1099,BUY,17.0932,2021-10-21 15:31:04.000,2021-10-21 20:59:56.000,XNGS,USD,USD,,SWAP,CFD_OLD,Gogo -CFD,564,GOGO
3357A172,US12572Q1058,BUY,214.6675,2021-10-21 15:31:04.000,2021-10-21 20:59:35.000,XNGS,USD,USD,,SWAP,CFD_OLD,CME -CFD,564,CME
6AFBA42D,FR0000127771,SELL,11.2402,2021-10-20 08:52:11.000,2021-10-20 16:35:15.000,XPAR,EUR,EUR,,EQTY,ORD,Vivendi,787,E:VIV
20D9E997,FR0000120107,SELL,64.424,2021-10-20 08:52:11.000,2021-10-20 16:35:29.000,XPAR,EUR,EUR,,EQTY,ORD,Savencia,787,E:SAVE
534A2EC9,NL0015000IY2,SELL,25.0497,2021-10-20 08:52:11.000,2021-10-20 16:35:30.000,XAMS,EUR,EUR,,EQTY,ORD,Universal Music Group,787,E:UMG
8CD34D8C,ANN4327C1220,SELL,103.2896,2021-10-20 08:52:11.000,2021-10-20 16:35:25.000,XAMS,EUR,EUR,,SWAP,CFD_OLD,Hunter Douglas -CFD,787,E:HDG
D85B9457,BE0003816338,SELL,9.4412,2021-10-20 08:52:11.000,2021-10-20 16:35:23.000,XBRU,EUR,EUR,,EQTY,ORD,Euronav,787,E:EURN
CA8CD2FC,NL0012969182,BUY,2718.4211,2021-10-20 08:52:11.000,2021-10-20 16:35:20.000,XAMS,EUR,EUR,,SWAP,CFD_OLD,Adyen -CFD,787,E:ADYEN
18BA63EE,FR0000121014,BUY,650.9559,2021-10-20 08:52:11.000,2021-10-20 16:35:15.000,XPAR,EUR,EUR,,SWAP,CFD_OLD,LVMH Moet Hennessy Louis Vuitton -CFD,787,E:MC
26786B9B,US12572Q1058,BUY,216.6426,2021-10-19 15:32:56.000,2021-10-19 20:59:54.000,XNGS,USD,USD,,SWAP,CFD_OLD,CME -CFD,564,CME
83290FCF,US88160R1014,BUY,866.7966,2021-10-19 15:32:56.000,2021-10-19 15:34:19.000,XNGS,USD,USD,,SWAP,CFD_OLD,Tesla -CFD,564,TSLA
3CD32309,US4523271090,BUY,412.2911,2021-10-19 15:32:56.000,2021-10-19 20:59:56.000,XNGS,USD,USD,,SWAP,CFD_OLD,Illumina -CFD,564,ILMN
DE450A48,US98980L1017,BUY,277.6784,2021-10-19 15:32:56.000,2021-10-19 20:59:51.000,XNGS,USD,USD,,SWAP,CFD_OLD,Zoom Video Communications -CFD,564,ZM
D3979177,US2253101016,BUY,615.613,2021-10-19 15:32:56.000,2021-10-19 20:59:42.000,XNGS,USD,USD,,SWAP,CFD_OLD,Credit Acceptance -CFD,564,CACC
335BB44F,US64110L1061,BUY,636.03,2021-10-19 15:32:56.000,2021-10-19 15:34:26.000,XNGS,USD,USD,,SWAP,CFD_OLD,Netflix -CFD,564,NFLX
65F8AB69,US38046C1099,BUY,16.7834,2021-10-19 15:32:56.000,2021-10-19 20:59:55.000,XNGS,USD,USD,,SWAP,CFD_OLD,Gogo -CFD,564,GOGO
B486C4BF,US97717P1049,BUY,5.8507,2021-10-19 15:32:56.000,2021-10-19 20:59:51.000,XNGS,USD,USD,,SWAP,CFD_OLD,WisdomTree Investments -CFD,564,WETF
B29891E0,FR0000120107,SELL,64.5943,2021-10-19 08:29:35.000,2021-10-19 16:35:09.000,XPAR,EUR,EUR,,EQTY,ORD,Savencia,787,E:SAVE
4F404445,FR0000120107,SELL,64.631,2021-10-18 08:21:22.000,2021-10-18 16:35:23.000,XPAR,EUR,EUR,,EQTY,ORD,Savencia,787,E:SAVE
2E0FD95F,FR0000120107,SELL,64.7065,2021-10-15 07:49:26.000,2021-10-15 16:35:19.000,XPAR,EUR,EUR,,EQTY,ORD,Savencia,787,E:SAVE
E7F623E3,NL0015000IY2,SELL,24.8039,2021-10-14 08:23:29.000,2021-10-14 16:35:19.000,XAMS,EUR,EUR,,EQTY,ORD,Universal Music Group,787,E:UMG
85CF8228,ANN4327C1220,SELL,101.5896,2021-10-14 08:23:29.000,2021-10-14 16:35:23.000,XAMS,EUR,EUR,,SWAP,CFD_OLD,Hunter Douglas -CFD,787,E:HDG
B4F3DEF9,FR0000120107,SELL,64.6082,2021-10-14 08:23:29.000,2021-10-14 16:35:17.000,XPAR,EUR,EUR,,EQTY,ORD,Savencia,787,E:SAVE
44090489,NL0012969182,BUY,2591.6,2021-10-14 08:23:29.000,2021-10-14 16:35:13.000,XAMS,EUR,EUR,,SWAP,CFD_OLD,Adyen -CFD,787,E:ADYEN
249976FB,BE0003816338,SELL,8.8843,2021-10-14 08:23:29.000,2021-10-14 16:35:27.000,XBRU,EUR,EUR,,EQTY,ORD,Euronav,787,E:EURN
4FF5985C,FR0000127771,SELL,11.0035,2021-10-14 08:23:29.000,2021-10-14 16:35:19.000,XPAR,EUR,EUR,,EQTY,ORD,Vivendi,787,E:VIV
0C214D9F,FR0000121014,BUY,662.5223,2021-10-14 08:23:29.000,2021-10-14 16:35:18.000,XPAR,EUR,EUR,,SWAP,CFD_OLD,LVMH Moet Hennessy Louis Vuitton -CFD,787,E:MC
8285E51A,US12572Q1058,BUY,202.4709,2021-10-13 15:40:48.000,2021-10-13 20:59:54.000,XNGS,USD,USD,,SWAP,CFD_OLD,CME -CFD,564,CME
A08A97C2,US97717P1049,BUY,5.4067,2021-10-13 15:40:48.000,2021-10-13 20:59:53.000,XNGS,USD,USD,,SWAP,CFD_OLD,WisdomTree Investments -CFD,564,WETF
023104DE,US4523271090,BUY,405.5775,2021-10-13 15:40:48.000,2021-10-13 20:59:50.000,XNGS,USD,USD,,SWAP,CFD_OLD,Illumina -CFD,564,ILMN
BD3A4882,US88160R1014,BUY,809.5159,2021-10-13 15:40:48.000,2021-10-13 20:58:58.000,XNGS,USD,USD,,SWAP,CFD_OLD,Tesla -CFD,564,TSLA
6BB257E5,US64110L1061,BUY,626.9438,2021-10-13 15:40:48.000,2021-10-13 20:59:27.000,XNGS,USD,USD,,SWAP,CFD_OLD,Netflix -CFD,564,NFLX
1A4BEA7F,US98980L1017,BUY,266.1468,2021-10-13 15:40:48.000,2021-10-13 20:59:36.000,XNGS,USD,USD,,SWAP,CFD_OLD,Zoom Video Communications -CFD,564,ZM
8DEF1428,US38046C1099,BUY,16.6319,2021-10-13 15:40:48.000,2021-10-13 20:59:53.000,XNGS,USD,USD,,SWAP,CFD_OLD,Gogo -CFD,564,GOGO
81488B4A,US2253101016,BUY,628.8205,2021-10-13 15:40:48.000,2021-10-13 20:59:56.000,XNGS,USD,USD,,SWAP,CFD_OLD,Credit Acceptance -CFD,564,CACC
18887398,ANN4327C1220,SELL,100.7429,2021-10-13 10:20:42.000,2021-10-13 16:35:15.000,XAMS,EUR,EUR,,SWAP,CFD_OLD,Hunter Douglas -CFD,787,E:HDG
CE141B49,ANN4327C1220,SELL,98.1363,2021-10-12 09:18:42.000,2021-10-12 16:35:12.000,XAMS,EUR,EUR,,SWAP,CFD_OLD,Hunter Douglas -CFD,787,E:HDG
A5DC90F8,ANN4327C1220,SELL,95.8127,2021-10-11 08:24:07.000,2021-10-11 16:35:06.000,XAMS,EUR,EUR,,SWAP,CFD_OLD,Hunter Douglas -CFD,787,E:HDG
B910A802,US4523271090,SELL,410.4968,2021-10-08 16:31:59.000,2021-10-08 16:32:10.000,XNGS,USD,USD,,SWAP,CFD_OLD,Illumina -CFD,564,ILMN
59ED8CE7,US38046C1099,SELL,15.863,2021-10-08 14:49:28.000,2021-10-08 21:02:04.000,XNGS,USD,USD,,SWAP,CFD_OLD,Gogo -CFD,564,GOGO
B0AF8F92,ANN4327C1220,SELL,96.4061,2021-10-08 10:10:07.000,2021-10-08 16:35:20.000,XAMS,EUR,EUR,,SWAP,CFD_OLD,Hunter Douglas -CFD,787,E:HDG
CD403C1F,US97717P1049,BUY,5.7984,2021-10-07 12:08:21.000,2021-10-07 20:59:54.000,XNGS,USD,USD,,SWAP,CFD_OLD,WisdomTree Investments -CFD,564,WETF
55ED50BD,FR0000120107,SELL,64.2071,2021-10-07 07:56:19.000,2021-10-07 08:57:01.000,XPAR,EUR,EUR,,EQTY,ORD,Savencia,787,E:SAVE
F4E06D7D,US88160R1014,BUY,781.0202,2021-10-06 14:34:00.000,2021-10-06 20:59:22.000,XNGS,USD,USD,,SWAP,CFD_OLD,Tesla -CFD,564,TSLA
9920D754,US64110L1061,BUY,634.964,2021-10-06 14:34:00.000,2021-10-06 20:58:31.000,XNGS,USD,USD,,SWAP,CFD_OLD,Netflix -CFD,564,NFLX
67CC068C,US2253101016,BUY,611.2555,2021-10-06 14:34:00.000,2021-10-06 20:59:56.000,XNGS,USD,USD,,SWAP,CFD_OLD,Credit Acceptance -CFD,564,CACC
C40E5B4D,US4523271090,BUY,389.8199,2021-10-06 14:34:00.000,2021-10-06 20:59:55.000,XNGS,USD,USD,,SWAP,CFD_OLD,Illumina -CFD,564,ILMN
8866AB9C,US97717P1049,BUY,5.6711,2021-10-06 14:34:00.000,2021-10-06 20:59:57.000,XNGS,USD,USD,,SWAP,CFD_OLD,WisdomTree Investments -CFD,564,WETF
A87BF3BF,US98980L1017,BUY,253.3245,2021-10-06 14:34:00.000,2021-10-06 20:58:49.000,XNGS,USD,USD,,SWAP,CFD_OLD,Zoom Video Communications -CFD,564,ZM
A345151E,US12572Q1058,BUY,198.0003,2021-10-06 14:34:00.000,2021-10-06 20:59:36.000,XNGS,USD,USD,,SWAP,CFD_OLD,CME -CFD,564,CME
1B09D5D5,BE0003816338,SELL,8.6569,2021-10-06 12:41:26.000,2021-10-06 16:35:19.000,XBRU,EUR,EUR,,EQTY,ORD,Euronav,787,E:EURN
EC618CBA,NL0012969182,BUY,2435.9219,2021-10-06 12:41:26.000,2021-10-06 16:35:27.000,XAMS,EUR,EUR,,SWAP,CFD_OLD,Adyen -CFD,787,E:ADYEN
AC751889,FR0000120107,SELL,62.784,2021-10-06 12:41:26.000,2021-10-06 16:35:25.000,XPAR,EUR,EUR,,EQTY,ORD,Savencia,787,E:SAVE
E00AE382,FR0000121014,BUY,624.0294,2021-10-06 12:41:26.000,2021-10-06 16:35:29.000,XPAR,EUR,EUR,,SWAP,CFD_OLD,LVMH Moet Hennessy Louis Vuitton -CFD,787,E:MC
E4C44FF5,FR0000127771,SELL,10.9958,2021-10-06 12:41:26.000,2021-10-06 16:35:23.000,XPAR,EUR,EUR,,EQTY,ORD,Vivendi,787,E:VIV
61688AF5,US38046C1099,SELL,17.2139,2021-10-05 11:40:05.000,2021-10-05 21:02:43.000,XNGS,USD,USD,,SWAP,CFD_OLD,Gogo -CFD,564,GOGO
0B556B60,US38046C1099,SELL,17.6194,2021-10-04 14:29:13.000,2021-10-04 21:02:16.000,XNGS,USD,USD,,SWAP,CFD_OLD,Gogo -CFD,564,GOGO
7DAA6E26,US4523271090,SELL,386.6412,2021-10-04 12:16:08.000,2021-10-04 15:10:02.000,XNGS,USD,USD,,SWAP,CFD_OLD,Illumina -CFD,564,ILMN
30A66059,US98980L1017,SELL,258.4889,2021-10-04 11:59:17.000,2021-10-04 15:29:08.000,XNGS,USD,USD,,SWAP,CFD_OLD,Zoom Video Communications -CFD,564,ZM
97E52F56,US98980L1017,BUY,268.2561,2021-10-01 19:01:46.000,2021-10-01 21:01:45.000,XNGS,USD,USD,,SWAP,CFD_OLD,Zoom Video Communications -CFD,564,ZM
0D9C11EE,US12572Q1058,SELL,195.176,2021-09-30 14:12:17.000,2021-09-30 16:50:24.000,XNGS,USD,USD,,SWAP,CFD_OLD,CME -CFD,564,CME
563CF597,US98980L1017,SELL,262.8532,2021-09-28 15:05:00.000,2021-09-28 15:34:21.000,XNGS,USD,USD,,SWAP,CFD_OLD,Zoom Video Communications -CFD,564,ZM
7F5EC574,NL0012969182,SELL,2513.2122,2021-09-28 09:21:48.000,2021-09-28 11:02:03.000,XAMS,EUR,EUR,,SWAP,CFD_OLD,Adyen -CFD,787,E:ADYEN
CB02AF7A,NL0012969182,SELL,2671.4715,2021-09-24 15:04:44.000,2021-09-24 15:33:03.000,XAMS,EUR,EUR,,SWAP,CFD_OLD,Adyen -CFD,787,E:ADYEN
F6DBDD7A,US98980L1017,SELL,267.6854,2021-09-24 14:54:25.000,2021-09-24 15:22:57.000,XNGS,USD,USD,,SWAP,CFD_OLD,Zoom Video Communications -CFD,564,ZM
AF45C0CF,US64110L1061,SELL,589.3981,2021-09-24 14:41:59.000,2021-09-24 14:46:04.000,XNGS,USD,USD,,SWAP,CFD_OLD,Netflix -CFD,564,NFLX
787E985B,US98980L1017,SELL,271.6983,2021-09-24 12:05:59.000,2021-09-24 14:45:03.000,XNGS,USD,USD,,SWAP,CFD_OLD,Zoom Video Communications -CFD,564,ZM
4768C421,LU1598757687,BUY,25.5752,2021-09-22 10:35:58.000,2021-09-22 10:43:24.000,XAMS,EUR,EUR,,SWAP,CFD_OLD,ArcelorMittal -CFD,787,E:MT
CAD1ACB1,LU1598757687,BUY,25.565,2021-09-22 10:34:16.000,2021-09-22 10:43:24.000,XAMS,EUR,EUR,,SWAP,CFD_OLD,ArcelorMittal -CFD,787,E:MT
38573CAC,LU1598757687,BUY,25.6177,2021-09-22 10:30:40.000,2021-09-22 10:43:24.000,XAMS,EUR,EUR,,SWAP,CFD_OLD,ArcelorMittal -CFD,787,E:MT
6F096538,LU1598757687,SELL,25.5627,2021-09-20 09:04:11.000,2021-09-20 09:39:37.000,XAMS,EUR,EUR,,SWAP,CFD_OLD,ArcelorMittal -CFD,787,E:MT
9B481CB4,NL0009767532,SELL,38.6799,2021-09-20 08:58:18.000,2021-09-20 10:51:24.000,XAMS,EUR,EUR,,EQTY,ORD,Accell Group,787,E:ACCEL
880BAA23,US98980L1017,SELL,293.3323,2021-09-13 15:30:34.000,2021-09-13 21:00:48.000,XNGS,USD,USD,,SWAP,CFD_OLD,Zoom Video Communications -CFD,564,ZM
8E75384A,FR0000121014,SELL,673.7749,2021-09-10 10:05:18.000,2021-09-10 10:27:39.000,XPAR,EUR,EUR,,SWAP,CFD_OLD,LVMH Moet Hennessy Louis Vuitton -CFD,787,E:MC
15270C3D,NL0009767532,SELL,41.1813,2021-09-09 08:17:25.000,2021-09-16 15:30:06.000,XAMS,EUR,EUR,,EQTY,ORD,Accell Group,787,E:ACCEL
43E5D567,US2253101016,SELL,642.5715,2021-09-08 16:09:09.000,2021-09-08 17:51:17.000,XNGS,USD,USD,,SWAP,CFD_OLD,Credit Acceptance -CFD,564,CACC
E18A3E84,NL0009767532,SELL,41.1,2021-09-08 15:22:51.000,2021-09-08 16:22:14.000,XAMS,EUR,EUR,,EQTY,ORD,Accell Group,787,E:ACCEL
CF563CE4,US98980L1017,SELL,296.3569,2021-09-08 15:04:55.000,2021-09-08 21:08:52.000,XNGS,USD,USD,,SWAP,CFD_OLD,Zoom Video Communications -CFD,564,ZM
08DE1DEE,NL0009767532,SELL,41.275,2021-09-08 14:59:37.000,2021-09-08 16:22:14.000,XAMS,EUR,EUR,,EQTY,ORD,Accell Group,787,E:ACCEL
F27FEE14,NL0009767532,SELL,41.275,2021-09-08 14:59:10.000,2021-09-08 16:22:14.000,XAMS,EUR,EUR,,EQTY,ORD,Accell Group,787,E:ACCEL
6FFD025B,FR0000120107,BUY,72.9,2021-09-07 11:05:54.000,2021-09-07 11:42:27.000,XPAR,EUR,EUR,,EQTY,ORD,Savencia,787,E:SAVE
11A1A484,US92552V1008,SELL,50.5331,2021-09-03 15:05:42.000,2021-09-03 20:59:49.000,XNGS,USD,USD,,EQTY,ORD,ViaSat,564,VSAT
A75B687B,US98980L1017,BUY,298.4135,2021-09-03 11:53:49.000,2021-09-03 20:59:56.000,XNGS,USD,USD,,SWAP,CFD_OLD,Zoom Video Communications -CFD,564,ZM
F4EDD168,US2253101016,BUY,664.8778,2021-09-03 11:53:49.000,2021-09-03 20:59:57.000,XNGS,USD,USD,,SWAP,CFD_OLD,Credit Acceptance -CFD,564,CACC
CC7BD813,US4523271090,BUY,467.8814,2021-09-03 11:53:49.000,2021-09-03 20:59:54.000,XNGS,USD,USD,,SWAP,CFD_OLD,Illumina -CFD,564,ILMN
A3FC2093,US97717P1049,BUY,6.228,2021-09-03 11:53:49.000,2021-09-03 20:59:58.000,XNGS,USD,USD,,SWAP,CFD_OLD,WisdomTree Investments -CFD,564,WETF
09D91107,US64110L1061,BUY,588.5386,2021-09-03 11:53:49.000,2021-09-03 20:59:56.000,XNGS,USD,USD,,SWAP,CFD_OLD,Netflix -CFD,564,NFLX
5465AC5B,US88160R1014,BUY,728.9962,2021-09-03 11:53:49.000,2021-09-03 20:59:56.000,XNGS,USD,USD,,SWAP,CFD_OLD,Tesla -CFD,564,TSLA
B89E0D3F,BE0003816338,SELL,7.1441,2021-09-03 08:53:45.000,2021-09-03 16:35:27.000,XBRU,EUR,EUR,,EQTY,ORD,Euronav,787,E:EURN
4BEBF32F,FR0000121014,BUY,637.1049,2021-09-03 08:53:45.000,2021-09-03 16:35:25.000,XPAR,EUR,EUR,,SWAP,CFD_OLD,LVMH Moet Hennessy Louis Vuitton -CFD,787,E:MC
A1FF099B,NL0009767532,SELL,41.6445,2021-09-03 08:53:45.000,2021-09-03 16:35:10.000,XAMS,EUR,EUR,,EQTY,ORD,Accell Group,787,E:ACCEL
8F4D9553,ANN4327C1220,SELL,103.6936,2021-09-03 08:53:45.000,2021-09-03 16:35:06.000,XAMS,EUR,EUR,,SWAP,CFD_OLD,Hunter Douglas -CFD,787,E:HDG
FFD2AB19,FR0000127771,SELL,32.8614,2021-09-03 08:53:45.000,2021-09-03 16:35:15.000,XPAR,EUR,EUR,,EQTY,ORD,Vivendi,787,E:VIV
1B455814,US92552V1008,SELL,52.4242,2021-09-02 14:24:37.000,2021-09-02 20:59:09.000,XNGS,USD,USD,,EQTY,ORD,ViaSat,564,VSAT
A99776AF,US92552V1008,SELL,51.6962,2021-09-01 14:56:40.000,2021-09-01 16:36:43.000,XNGS,USD,USD,,EQTY,ORD,ViaSat,564,VSAT
C2E0C920,US98980L1017,BUY,295.7011,2021-09-01 14:43:48.000,2021-09-01 21:01:16.000,XNGS,USD,USD,,SWAP,CFD_OLD,Zoom Video Communications -CFD,564,ZM
A550E3B5,FR0000121014,SELL,646.7307,2021-09-01 11:44:30.000,2021-09-01 16:35:10.000,XPAR,EUR,EUR,,SWAP,CFD_OLD,LVMH Moet Hennessy Louis Vuitton -CFD,787,E:MC
071DA784,FR0000121014,SELL,641.25,2021-09-01 11:26:51.000,2021-09-01 16:35:10.000,XPAR,EUR,EUR,,SWAP,CFD_OLD,LVMH Moet Hennessy Louis Vuitton -CFD,787,E:MC
34A3F626,FR0000121014,SELL,641.7056,2021-09-01 11:24:57.000,2021-09-01 16:35:10.000,XPAR,EUR,EUR,,SWAP,CFD_OLD,LVMH Moet Hennessy Louis Vuitton -CFD,787,E:MC
98FCBE7C,US92552V1008,SELL,51.7413,2021-08-31 17:01:00.000,2021-08-31 20:59:55.000,XNGS,USD,USD,,EQTY,ORD,ViaSat,564,VSAT
382618BF,US88160R1014,BUY,707.6398,2021-08-24 16:56:55.000,2021-08-24 20:59:57.000,XNGS,USD,USD,,SWAP,CFD_OLD,Tesla -CFD,564,TSLA
A8E9C5DE,FR0000120107,BUY,70,2021-08-23 08:11:45.000,2021-08-24 13:46:46.000,XPAR,EUR,EUR,,EQTY,ORD,Savencia,787,E:SAVE
4378C120,FR0000120107,BUY,70,2021-08-20 07:38:15.000,2021-08-20 15:59:52.000,XPAR,EUR,EUR,,EQTY,ORD,Savencia,787,E:SAVE
21A3F399,US2253101016,BUY,571.9602,2021-08-19 12:02:52.000,2021-08-19 20:56:59.000,XNGS,USD,USD,,SWAP,CFD_OLD,Credit Acceptance -CFD,564,CACC
E0EDE537,FR0000120107,BUY,69.6,2021-08-19 08:09:13.000,2021-08-19 14:55:43.000,XPAR,EUR,EUR,,EQTY,ORD,Savencia,787,E:SAVE
A08016B3,US92552V1008,SELL,52.3507,2021-08-18 14:48:17.000,2021-08-27 20:59:51.000,XNGS,USD,USD,,EQTY,ORD,ViaSat,564,VSAT
391AD5BC,US2253101016,BUY,579.3039,2021-08-18 14:45:51.000,2021-08-18 20:26:36.000,XNGS,USD,USD,,SWAP,CFD_OLD,Credit Acceptance -CFD,564,CACC
4DBF5443,FR0000120107,BUY,69.9037,2021-08-18 07:47:01.000,2021-08-18 10:33:41.000,XPAR,EUR,EUR,,EQTY,ORD,Savencia,787,E:SAVE
7E254104,US92552V1008,SELL,52.12,2021-08-17 15:24:04.000,2021-08-17 15:55:50.000,XNGS,USD,USD,,EQTY,ORD,ViaSat,564,VSAT
CB4A699B,US92552V1008,SELL,52.2147,2021-08-17 12:42:19.000,2021-08-17 15:55:50.000,XNGS,USD,USD,,EQTY,ORD,ViaSat,564,VSAT
8B7FEF12,US2253101016,BUY,575.9337,2021-08-17 11:58:27.000,2021-08-17 20:40:51.000,XNGS,USD,USD,,SWAP,CFD_OLD,Credit Acceptance -CFD,564,CACC
D4448FF9,FR0000120107,BUY,70.2088,2021-08-17 08:02:20.000,2021-08-17 16:37:18.000,XPAR,EUR,EUR,,EQTY,ORD,Savencia,787,E:SAVE
D08F4F3E,FR0000120107,BUY,71.2348,2021-08-16 09:11:34.000,2021-08-16 16:35:10.000,XPAR,EUR,EUR,,EQTY,ORD,Savencia,787,E:SAVE
3806D3BF,US88160R1014,BUY,648.144,2021-07-28 15:04:55.000,2021-07-28 15:06:25.000,XNGS,USD,USD,,SWAP,CFD_OLD,Tesla -CFD,564,TSLA
B27E0D85,US88160R1014,BUY,645.559,2021-07-27 15:49:54.000,2021-07-27 16:47:47.000,XNGS,USD,USD,,SWAP,CFD_OLD,Tesla -CFD,564,TSLA
A45F8222,US64110L1061,SELL,534.1805,2021-07-16 15:17:35.000,2021-07-16 15:21:58.000,XNGS,USD,USD,,SWAP,CFD_OLD,Netflix -CFD,564,NFLX
45322AAE,US2253101016,SELL,436.58,2021-07-08 17:19:42.000,2021-07-08 21:00:29.000,XNGS,USD,USD,,SWAP,CFD_OLD,Credit Acceptance -CFD,564,CACC
B13B0560,US88160R1014,BUY,646.3691,2021-07-07 14:53:52.000,2021-07-07 20:58:29.000,XNGS,USD,USD,,SWAP,CFD_OLD,Tesla -CFD,564,TSLA
CFE2212E,NL0009767532,BUY,45.4535,2021-07-02 07:58:15.000,2021-07-02 15:53:48.000,XAMS,EUR,EUR,,EQTY,ORD,Accell Group,787,E:ACCEL
99DCAB5A,NL0009767532,BUY,45.4979,2021-07-01 08:05:21.000,2021-07-01 16:24:03.000,XAMS,EUR,EUR,,EQTY,ORD,Accell Group,787,E:ACCEL
9FA12C5A,NL0009767532,BUY,44.675,2021-06-30 14:14:40.000,2021-06-30 14:34:48.000,XAMS,EUR,EUR,,EQTY,ORD,Accell Group,787,E:ACCEL
4CB07BFD,NL0009767532,BUY,44.7427,2021-06-30 13:43:22.000,2021-06-30 14:34:48.000,XAMS,EUR,EUR,,EQTY,ORD,Accell Group,787,E:ACCEL
B82FC162,ANN4327C1220,SELL,91.2412,2021-06-22 08:05:19.000,2021-06-22 13:58:42.000,XAMS,EUR,EUR,,SWAP,CFD_OLD,Hunter Douglas -CFD,787,E:HDG
F5D0D2EF,ANN4327C1220,SELL,91.7258,2021-06-21 10:46:49.000,2021-06-21 16:27:41.000,XAMS,EUR,EUR,,SWAP,CFD_OLD,Hunter Douglas -CFD,787,E:HDG
13431950,US00653A1079,SELL,3.989,2021-06-18 14:48:50.000,2021-06-18 20:48:31.000,XNGS,USD,USD,,SWAP,CFD_OLD,Adaptimmune Therapeutics -ADR -CFD,564,ADAP
48D40757,ANN4327C1220,SELL,88.4994,2021-06-18 10:29:29.000,2021-06-18 16:35:20.000,XAMS,EUR,EUR,,SWAP,CFD_OLD,Hunter Douglas -CFD,787,E:HDG
D9AB074D,CA7847301032,SELL,16.2961,2021-06-17 16:03:45.000,2021-06-17 18:44:32.000,XNGS,USD,USD,,EQTY,ORD,SSR Mining - USD,564,SSRM
E848D5F7,US00653A1079,SELL,4.004,2021-06-17 12:15:04.000,2021-06-17 19:54:37.000,XNGS,USD,USD,,SWAP,CFD_OLD,Adaptimmune Therapeutics -ADR -CFD,564,ADAP
932C6B21,FR0000121261,BUY,132.7264,2021-06-17 11:50:49.000,2021-06-17 15:57:11.000,XPAR,EUR,EUR,,SWAP,CFD_OLD,Cie Generale des Etablissements Michelin -CFD,787,E:ML
0C525F84,US00653A1079,SELL,4.0762,2021-06-16 14:10:48.000,2021-06-16 21:00:47.000,XNGS,USD,USD,,SWAP,CFD_OLD,Adaptimmune Therapeutics -ADR -CFD,564,ADAP
E49617BA,US00653A1079,SELL,4.0855,2021-06-15 16:15:19.000,2021-06-15 20:34:57.000,XNGS,USD,USD,,SWAP,CFD_OLD,Adaptimmune Therapeutics -ADR -CFD,564,ADAP
A7FE935C,US88160R1014,SELL,589.8652,2021-06-07 14:37:20.000,2021-06-07 14:45:11.000,XNGS,USD,USD,,SWAP,CFD_OLD,Tesla -CFD,564,TSLA
05F7E9A1,US64110L1061,SELL,498.8163,2021-06-02 14:31:53.000,2021-06-02 14:42:16.000,XNGS,USD,USD,,SWAP,CFD_OLD,Netflix -CFD,564,NFLX
1E38E62F,US88160R1014,BUY,616.7018,2021-05-26 14:42:50.000,2021-05-26 20:59:54.000,XNGS,USD,USD,,SWAP,CFD_OLD,Tesla -CFD,564,TSLA
FCCACD57,US64110L1061,BUY,502.6697,2021-05-25 14:47:04.000,2021-05-25 15:09:32.000,XNGS,USD,USD,,SWAP,CFD_OLD,Netflix -CFD,564,NFLX
2A1F41BE,US88160R1014,BUY,612.3948,2021-05-25 14:40:52.000,2021-05-25 14:43:08.000,XNGS,USD,USD,,SWAP,CFD_OLD,Tesla -CFD,564,TSLA
74B2232F,US97717P1049,BUY,6.392,2021-05-19 13:02:29.000,2021-05-19 20:59:53.000,XNGS,USD,USD,,SWAP,CFD_OLD,WisdomTree Investments -CFD,564,WETF
41C6FF20,US00653A1079,SELL,4.9691,2021-05-19 13:02:29.000,2021-05-19 20:59:53.000,XNGS,USD,USD,,SWAP,CFD_OLD,Adaptimmune Therapeutics -ADR -CFD,564,ADAP
6834847C,US4523271090,BUY,383.6891,2021-05-19 13:02:29.000,2021-05-19 20:59:45.000,XNGS,USD,USD,,SWAP,CFD_OLD,Illumina -CFD,564,ILMN
C76D6B18,US88160R1014,BUY,556.2521,2021-05-19 13:02:29.000,2021-05-19 20:55:51.000,XNGS,USD,USD,,SWAP,CFD_OLD,Tesla -CFD,564,TSLA
96C094FE,US98980L1017,BUY,308.5308,2021-05-19 13:02:29.000,2021-05-19 20:59:50.000,XNGS,USD,USD,,SWAP,CFD_OLD,Zoom Video Communications -CFD,564,ZM
31432442,US2253101016,BUY,428.8046,2021-05-19 13:02:29.000,2021-05-19 20:59:52.000,XNGS,USD,USD,,SWAP,CFD_OLD,Credit Acceptance -CFD,564,CACC
ACD6029D,US64110L1061,BUY,484.218,2021-05-19 13:02:29.000,2021-05-19 20:59:53.000,XNGS,USD,USD,,SWAP,CFD_OLD,Netflix -CFD,564,NFLX
4D92AE2F,ANN4327C1220,SELL,68.3404,2021-05-19 09:28:53.000,2021-05-19 16:35:03.000,XAMS,EUR,EUR,,SWAP,CFD_OLD,Hunter Douglas -CFD,787,E:HDG
004574D4,FR0000121261,BUY,121.9012,2021-05-19 09:28:53.000,2021-05-19 09:50:28.000,XPAR,EUR,EUR,,SWAP,CFD_OLD,Cie Generale des Etablissements Michelin -CFD,787,E:ML
5278D100,FR0000127771,SELL,29.178,2021-05-19 09:28:53.000,2021-05-19 09:46:14.000,XPAR,EUR,EUR,,EQTY,ORD,Vivendi,787,E:VIV
CAF1614A,US92552V1008,SELL,46.0711,2021-05-19 09:28:53.000,2021-05-19 15:01:52.000,XNGS,USD,USD,,EQTY,ORD,ViaSat,564,VSAT
2EC14146,BE0003816338,SELL,7.5601,2021-05-19 09:28:53.000,2021-05-19 10:37:50.000,XBRU,EUR,EUR,,EQTY,ORD,Euronav,787,E:EURN
9FEA8522,CA7847301032,SELL,18.0968,2021-05-19 09:28:53.000,2021-05-19 14:33:26.000,XNGS,USD,USD,,EQTY,ORD,SSR Mining - USD,564,SSRM
5600FA6D,FR0000120107,SELL,73.0716,2021-05-19 09:28:53.000,2021-05-19 16:35:13.000,XPAR,EUR,EUR,,EQTY,ORD,Savencia,787,E:SAVE
6A9B5E6D,FR0000120107,SELL,73.4954,2021-05-18 10:07:07.000,2021-05-18 16:35:06.000,XPAR,EUR,EUR,,EQTY,ORD,Savencia,787,E:SAVE
0BDCB0E9,BE0003816338,SELL,7.7256,2021-05-18 10:07:07.000,2021-05-18 14:33:03.000,XBRU,EUR,EUR,,EQTY,ORD,Euronav,787,E:EURN
7CF0277A,FR0000121261,BUY,125.3606,2021-05-18 10:07:07.000,2021-05-18 10:39:54.000,XPAR,EUR,EUR,,SWAP,CFD_OLD,Cie Generale des Etablissements Michelin -CFD,787,E:ML
5B2E17BB,FR0000127771,SELL,29.6672,2021-05-18 10:07:07.000,2021-05-18 10:21:37.000,XPAR,EUR,EUR,,EQTY,ORD,Vivendi,787,E:VIV
E8677E06,ANN4327C1220,SELL,69.8502,2021-05-18 10:07:07.000,2021-05-18 15:06:34.000,XAMS,EUR,EUR,,SWAP,CFD_OLD,Hunter Douglas -CFD,787,E:HDG
E7BB7803,US64110L1061,SELL,488.1824,2021-05-17 20:59:07.000,2021-05-17 21:19:49.000,XNGS,USD,USD,,SWAP,CFD_OLD,Netflix -CFD,564,NFLX
81844556,US98980L1017,BUY,310.6677,2021-05-17 14:57:03.000,2021-05-17 14:58:23.000,XNGS,USD,USD,,SWAP,CFD_OLD,Zoom Video Communications -CFD,564,ZM
292BBF6D,US00653A1079,SELL,4.8527,2021-05-17 14:57:03.000,2021-05-17 16:36:30.000,XNGS,USD,USD,,SWAP,CFD_OLD,Adaptimmune Therapeutics -ADR -CFD,564,ADAP
E73856BC,US97717P1049,BUY,6.638,2021-05-17 14:57:03.000,2021-05-17 15:52:41.000,XNGS,USD,USD,,SWAP,CFD_OLD,WisdomTree Investments -CFD,564,WETF
2770060C,US64110L1061,BUY,491.1038,2021-05-17 14:57:03.000,2021-05-17 15:02:46.000,XNGS,USD,USD,,SWAP,CFD_OLD,Netflix -CFD,564,NFLX
12C0AD89,US2253101016,BUY,426.5311,2021-05-17 14:57:03.000,2021-05-17 15:37:35.000,XNGS,USD,USD,,SWAP,CFD_OLD,Credit Acceptance -CFD,564,CACC
E80075FB,US4523271090,BUY,379.3506,2021-05-17 14:57:03.000,2021-05-17 15:03:12.000,XNGS,USD,USD,,SWAP,CFD_OLD,Illumina -CFD,564,ILMN
AF5B63DB,US88160R1014,BUY,586.0165,2021-05-17 14:57:03.000,2021-05-17 14:59:51.000,XNGS,USD,USD,,SWAP,CFD_OLD,Tesla -CFD,564,TSLA
04F431D2,ANN4327C1220,SELL,69.2394,2021-05-17 11:07:35.000,2021-05-17 16:35:24.000,XAMS,EUR,EUR,,SWAP,CFD_OLD,Hunter Douglas -CFD,787,E:HDG
25D59D77,BE0003816338,SELL,7.6974,2021-05-17 11:07:35.000,2021-05-17 13:25:56.000,XBRU,EUR,EUR,,EQTY,ORD,Euronav,787,E:EURN
0E5F3AFA,FR0000120107,SELL,74.4671,2021-05-17 11:07:35.000,2021-05-17 16:35:08.000,XPAR,EUR,EUR,,EQTY,ORD,Savencia,787,E:SAVE
153B80D9,US92552V1008,SELL,48.2059,2021-05-17 11:07:35.000,2021-05-17 15:03:57.000,XNGS,USD,USD,,EQTY,ORD,ViaSat,564,VSAT
ACBE5FC6,FR0000127771,SELL,29.1488,2021-05-17 11:07:35.000,2021-05-17 11:35:32.000,XPAR,EUR,EUR,,EQTY,ORD,Vivendi,787,E:VIV
99DE53F8,FR0000121261,BUY,123.8471,2021-05-17 11:07:35.000,2021-05-17 11:29:23.000,XPAR,EUR,EUR,,SWAP,CFD_OLD,Cie Generale des Etablissements Michelin -CFD,787,E:ML
513B4311,CA7847301032,SELL,17.4917,2021-05-17 11:07:35.000,2021-05-17 14:30:46.000,XNGS,USD,USD,,EQTY,ORD,SSR Mining - USD,564,SSRM
B8FBDF61,US64110L1061,SELL,488.6098,2021-05-13 13:45:47.000,2021-05-13 14:41:54.000,XNGS,USD,USD,,SWAP,CFD_OLD,Netflix -CFD,564,NFLX
6F24D03F,FR0000121261,SELL,122.1333,2021-05-11 10:21:19.000,2021-05-11 12:21:54.000,XPAR,EUR,EUR,,SWAP,CFD_OLD,Cie Generale des Etablissements Michelin -CFD,787,E:ML
DF00C1A4,FR0000120966,BUY,54,2021-04-27 13:03:34.000,2021-04-27 13:03:35.000,XPAR,EUR,EUR,,SWAP,CFD_OLD,Societe BIC -CFD,787,E:BB
106C08CF,FR0000120107,BUY,72.7,2021-04-20 14:53:51.000,2021-04-20 14:53:51.000,XPAR,EUR,EUR,,EQTY,ORD,Savencia,787,E:SAVE
D1CFF0D0,FR0000120966,BUY,52.4659,2021-04-19 11:58:17.000,2021-04-19 16:35:00.000,XPAR,EUR,EUR,,SWAP,CFD_OLD,Societe BIC -CFD,787,E:BB
A451702C,FR0000120107,BUY,76.2,2021-04-19 08:30:46.000,2021-04-19 08:30:46.000,XPAR,EUR,EUR,,EQTY,ORD,Savencia,787,E:SAVE
32D6E860,CA7847301032,BUY,16.238,2021-04-16 15:57:37.000,2021-04-16 21:00:06.000,XNGS,USD,USD,,EQTY,ORD,SSR Mining - USD,564,SSRM
A7DCAA48,BE0003816338,BUY,6.9967,2021-04-16 07:36:25.000,2021-04-16 10:13:53.000,XBRU,EUR,EUR,,EQTY,ORD,Euronav,787,E:EURN
51BD9FE1,BE0003816338,BUY,7.071,2021-04-15 09:26:14.000,2021-04-15 16:35:02.000,XBRU,EUR,EUR,,EQTY,ORD,Euronav,787,E:EURN
8DBBD876,FR0000120107,BUY,76.9,2021-04-13 15:10:54.000,2021-04-13 15:10:54.000,XPAR,EUR,EUR,,EQTY,ORD,Savencia,787,E:SAVE
2204CE35,FR0000120966,BUY,52.55,2021-04-12 10:51:57.000,2021-04-12 10:51:58.000,XPAR,EUR,EUR,,SWAP,CFD_OLD,Societe BIC -CFD,787,E:BB
19056632,FR0000120107,BUY,75.4,2021-04-12 08:19:00.000,2021-04-12 08:19:01.000,XPAR,EUR,EUR,,EQTY,ORD,Savencia,787,E:SAVE
DF52C0D5,FR0000120966,BUY,53.4418,2021-04-09 14:59:54.000,2021-04-09 16:35:24.000,XPAR,EUR,EUR,,SWAP,CFD_OLD,Societe BIC -CFD,787,E:BB
A03030D2,FR0000120107,BUY,76.1,2021-04-09 08:28:07.000,2021-04-09 08:28:07.000,XPAR,EUR,EUR,,EQTY,ORD,Savencia,787,E:SAVE
C32E8ED7,FR0014000MR3,BUY,84.7036,2021-04-08 10:29:17.000,2021-04-08 16:35:28.000,XPAR,EUR,EUR,,SWAP,CFD_OLD,Eurofins Scientific -CFD,787,E:ERF
E776A739,FR0000120107,BUY,76.8,2021-04-08 09:14:35.000,2021-04-08 09:14:35.000,XPAR,EUR,EUR,,EQTY,ORD,Savencia,787,E:SAVE
2B8BD0DA,FR0000120107,BUY,76.6,2021-04-07 08:27:49.000,2021-04-07 13:50:06.000,XPAR,EUR,EUR,,EQTY,ORD,Savencia,787,E:SAVE
6994E738,US08862E1091,BUY,135.9231,2021-04-06 16:16:51.000,2021-04-06 16:48:25.000,XNGS,USD,USD,,SWAP,CFD_OLD,Beyond Meat -CFD,564,BYND
A8276AA9,FR0000120107,BUY,76.9,2021-04-06 08:44:01.000,2021-04-06 11:29:14.000,XPAR,EUR,EUR,,EQTY,ORD,Savencia,787,E:SAVE
